time,msl_hPa,u10,v10,fuente,lat_grid,lon_grid,wind_speed
2026-10-10 12:00:00,1019.12125,2.1123504638671875,-0.2900238037109375,forecast,39.5,2.75,2.132167509582416
2026-10-10 15:00:00,1017.615625,4.7941741943359375,-0.029815673828125,forecast,39.5,2.75,4.794266907467967
2026-10-10 18:00:00,1017.850625,3.2853851318359375,-0.6816864013671875,forecast,39.5,2.75,3.3553616517892055
2026-10-10 21:00:00,1018.103125,2.25787353515625,-0.430938720703125,forecast,39.5,2.75,2.298630262082231
2026-10-11 00:00:00,1017.7025,1.2574462890625,-0.3249053955078125,forecast,39.5,2.75,1.2987435027391439
2026-10-11 03:00:00,1016.3725,0.083343505859375,-0.535552978515625,forecast,39.5,2.75,0.541999199967942
2026-10-11 06:00:00,1016.09375,0.1018218994140625,0.16339111328125,forecast,39.5,2.75,0.19252105105565398
2026-10-11 09:00:00,1016.695625,2.0532684326171875,1.6967620849609375,forecast,39.5,2.75,2.663627757278263
2026-10-11 12:00:00,1015.783125,3.37615966796875,2.3858489990234375,forecast,39.5,2.75,4.134093558418822
2026-10-11 15:00:00,1014.455,3.2049102783203125,2.2955780029296875,forecast,39.5,2.75,3.942223770870679
2026-10-11 18:00:00,1015.041875,1.463287353515625,0.7943878173828125,forecast,39.5,2.75,1.6650110760487422
2026-10-11 21:00:00,1015.609375,1.21832275390625,0.763519287109375,forecast,39.5,2.75,1.437801110889026
2026-10-12 00:00:00,1016.19875,0.6445159912109375,-0.357208251953125,forecast,39.5,2.75,0.736884385904617
2026-10-12 03:00:00,1015.483125,-0.034698486328125,-0.9573516845703125,forecast,39.5,2.75,0.9579802883687525
2026-10-12 06:00:00,1016.4975,-0.7783966064453125,-1.0784912109375,forecast,39.5,2.75,1.330054348135825
2026-10-12 09:00:00,1017.82625,-0.5179290771484375,-0.027069091796875,forecast,39.5,2.75,0.5186359654772698
2026-10-12 12:00:00,1018.198125,0.8558502197265625,0.22625732421875,forecast,39.5,2.75,0.8852524924385324
2026-10-12 15:00:00,1018.410625,-0.2746429443359375,1.1367950439453125,forecast,39.5,2.75,1.1695006279656877
2026-10-12 18:00:00,1019.77375,-0.69903564453125,-0.100311279296875,forecast,39.5,2.75,0.7061962794290237
2026-10-12 21:00:00,1021.46625,-1.6351776123046875,-1.7804718017578125,forecast,39.5,2.75,2.4174130099420683
2026-10-13 00:00:00,1022.215,-1.62860107421875,-1.298095703125,forecast,39.5,2.75,2.082641090879092
2026-10-13 03:00:00,1022.23375,-1.37933349609375,-0.9247589111328125,forecast,39.5,2.75,1.6606444342982492
2026-10-13 06:00:00,1022.959375,-1.3451690673828125,-1.402496337890625,forecast,39.5,2.75,1.9433156711250388
2026-10-13 09:00:00,1024.918125,-1.182464599609375,-0.8938446044921875,forecast,39.5,2.75,1.4822890090360767
2026-10-13 12:00:00,1024.895,0.7876434326171875,0.2823944091796875,forecast,39.5,2.75,0.836736983335224
2026-10-13 15:00:00,1024.17,3.2115936279296875,1.4915008544921875,forecast,39.5,2.75,3.541032113651258
2026-10-13 18:00:00,1025.18125,-1.5725860595703125,-0.54833984375,forecast,39.5,2.75,1.6654439345107528
2026-10-13 21:00:00,1026.415,-1.73468017578125,-1.371795654296875,forecast,39.5,2.75,2.2115466600088407
2026-10-14 00:00:00,1026.720625,-1.23272705078125,-1.40155029296875,forecast,39.5,2.75,1.866536687410303
2026-10-14 03:00:00,1026.424375,-1.4257354736328125,-1.308624267578125,forecast,39.5,2.75,1.935256860075521
2026-10-14 06:00:00,1026.99375,-0.86212158203125,-1.5222015380859375,forecast,39.5,2.75,1.7493859336222122
2026-10-14 09:00:00,1028.159375,-2.773162841796875,-2.661773681640625,forecast,39.5,2.75,3.843887521689157
2026-10-14 12:00:00,1027.544375,-3.7448272705078125,-2.9168701171875,forecast,39.5,2.75,4.746773911456118
2026-10-14 15:00:00,1026.3775,-3.86077880859375,-2.062713623046875,forecast,39.5,2.75,4.377259473642126
2026-10-14 18:00:00,1026.5375,-0.705413818359375,-1.3782501220703125,forecast,39.5,2.75,1.5482835832363477
2026-10-14 21:00:00,1026.84625,-1.3701629638671875,-1.7509765625,forecast,39.5,2.75,2.223345557932377
2026-10-15 00:00:00,1026.316875,-0.07977294921875,-0.615203857421875,forecast,39.5,2.75,0.6203543419803008
2026-10-15 03:00:00,1025.43875,-0.617095947265625,-2.3797454833984375,forecast,39.5,2.75,2.4584539804289447
2026-10-15 06:00:00,1025.221875,-1.9639129638671875,-2.5047607421875,forecast,39.5,2.75,3.182888704502449
2026-10-15 09:00:00,1026.01125,-2.8392333984375,0.37744140625,forecast,39.5,2.75,2.864211637773112
2026-10-15 12:00:00,1025.27625,-2.2625885009765625,2.9272918701171875,forecast,39.5,2.75,3.699776265884945
