time,msl_hPa,u10,v10,wind_speed,eta_IB,eta_wind,eta_inst,eta_met,eta_IB_cm,eta_wind_cm,eta_inst_cm,eta_met_cm,astro_m,astro_cm,fuente,total_m,total_cm,galibo_entrada_m,galibo_entrada_cm,galibo_salida_m,galibo_salida_cm,residuo_m,residuo_cm
2026-06-10 12:00:00,1018.574375,-4.454376220703125,-3.0609893798828125,5.404731584391663,-0.0284487290625003,-0.0032793795943143775,-0.03172810865681468,-0.03172810865681468,-2.8448729062500298,-0.3279379594314377,-3.1728108656814675,-3.1728108656814675,-0.132879540300336,-13.2879540300336,historico,-0.1646076489571507,-16.46076489571507,1.6476076489571507,164.76076489571508,1.6386076489571506,163.86076489571505,-0.03172810865681468,-3.1728108656814675
2026-06-10 13:00:00,1018.4121064814815,-5.061240867332176,-3.4686465793185763,6.135769569448629,-0.026947177326388946,-0.004211028182276461,-0.031158205508665406,-0.03167111834199975,-2.6947177326388947,-0.42110281822764606,-3.1158205508665406,-3.167111834199975,-0.11858103184104,-11.858103184104001,historico,-0.15025215018303975,-15.025215018303975,1.63325215018304,163.325215018304,1.6242521501830398,162.425215018304,-0.03167111834199975,-3.167111834199975
2026-06-10 14:00:00,1018.3358796296296,-5.452152958622685,-3.725650363498264,6.603517435068438,-0.02624181215277779,-0.0048581647208621615,-0.031099976873639953,-0.031614004195163775,-2.624181215277779,-0.48581647208621614,-3.1099976873639954,-3.1614004195163776,-0.106491933788517,-10.6491933788517,historico,-0.13810593798368076,-13.810593798368076,1.621105937983681,162.1105937983681,1.6121059379836806,161.21059379836805,-0.031614004195163775,-3.1614004195163776
2026-06-10 15:00:00,1018.316875,-5.590576171875,-3.8150787353515625,6.768261792400484,-0.026065952812499835,-0.005094189014926086,-0.031160141827425922,-0.031568617958389986,-2.6065952812499833,-0.5094189014926086,-3.116014182742592,-3.1568617958389984,-0.0988185874544967,-9.881858745449671,historico,-0.13038720541288668,-13.038720541288667,1.6133872054128868,161.3387205412887,1.6043872054128867,160.43872054128866,-0.031568617958389986,-3.1568617958389984
2026-06-10 16:00:00,1018.3883004194803,-5.458020454233159,-3.7163796497594825,6.603140539165735,-0.026726887931660847,-0.004834017195401245,-0.03156090512706209,-0.031567846675257194,-2.6726887931660848,-0.4834017195401245,-3.156090512706209,-3.156784667525719,-0.0959079638207557,-9.59079638207557,historico,-0.1274758104960129,-12.747581049601289,1.610475810496013,161.04758104960132,1.601475810496013,160.14758104960129,-0.031567846675257194,-3.156784667525719
2026-06-10 17:00:00,1018.5745869500716,-5.146048503952429,-3.483949145981639,6.214476394421112,-0.028450690342488,-0.004248265578125167,-0.03269895592061317,-0.031680957599792794,-2.8450690342488,-0.42482655781251666,-3.2698955920613173,-3.1680957599792796,-0.0962676160713535,-9.62676160713535,historico,-0.12794857367114632,-12.79485736711463,1.6109485736711464,161.09485736711463,1.6019485736711463,160.19485736711462,-0.031680957599792794,-3.1680957599792796
2026-06-10 18:00:00,1018.83375,-4.783203125,-3.213287353515625,5.762312708563569,-0.030848855625000088,-0.003613825465692207,-0.034462681090692296,-0.031959129948882746,-3.0848855625000087,-0.3613825465692207,-3.4462681090692295,-3.1959129948882747,-0.0979758032583064,-9.79758032583064,historico,-0.12993493320718916,-12.993493320718915,1.6129349332071892,161.2934933207189,1.603934933207189,160.3934933207189,-0.031959129948882746,-3.1959129948882747
2026-06-10 19:00:00,1019.4996840571713,-4.359808377608289,-2.81770750639828,5.191088968711346,-0.03701107642303457,-0.002778816457064625,-0.039789892880099195,-0.03274220624200439,-3.701107642303457,-0.27788164570646245,-3.9789892880099194,-3.274220624200439,-0.100191371390422,-10.0191371390422,historico,-0.1329335776324264,-13.29335776324264,1.6159335776324264,161.59335776324264,1.6069335776324263,160.69335776324263,-0.03274220624200439,-3.274220624200439
2026-06-10 20:00:00,1020.4914915950055,-3.8452718136625816,-2.3532863296965356,4.508222695307377,-0.046188767474383656,-0.001938284792337807,-0.04812705226672146,-0.034280690844476096,-4.618876747438366,-0.19382847923378071,-4.812705226672146,-3.4280690844476096,-0.10263667318695,-10.263667318695,historico,-0.1369173640314261,-13.69173640314261,1.6199173640314262,161.99173640314262,1.610917364031426,161.0917364031426,-0.034280690844476096,-3.4280690844476096
2026-06-10 21:00:00,1021.145,-3.336761474609375,-2.129669189453125,3.9584678847937194,-0.05223600749999984,-0.0015874217997770756,-0.05382342929977692,-0.03623496469000618,-5.223600749999984,-0.15874217997770756,-5.382342929977692,-3.6234964690006177,-0.104244685467931,-10.4244685467931,historico,-0.14047965015793717,-14.047965015793718,1.6234796501579374,162.34796501579373,1.614479650157937,161.4479650157937,-0.03623496469000618,-3.6234964690006177
2026-06-10 22:00:00,1021.385184837366,-2.765290337536841,-2.1341166626174766,3.4930337216431466,-0.05445855789256587,-0.0015940588753815448,-0.05605261676794742,-0.0382167298978003,-5.445855789256587,-0.1594058875381545,-5.605261676794742,-3.82167298978003,-0.103251382044723,-10.325138204472301,historico,-0.1414681119425233,-14.14681119425233,1.6244681119425235,162.44681119425235,1.6154681119425232,161.5468111942523,-0.0382167298978003,-3.82167298978003
2026-06-10 23:00:00,1021.5557521409053,-2.199623623358264,-2.1463766357818277,3.0733168966225812,-0.05603690243586692,-0.0016124264319205407,-0.05764932886778746,-0.04015998979479901,-5.6036902435866915,-0.16124264319205406,-5.764932886778746,-4.015998979479901,-0.0986172925999652,-9.861729259996519,historico,-0.13877728239476422,-13.877728239476422,1.6217772823947643,162.17772823947644,1.6127772823947641,161.2777282394764,-0.04015998979479901,-4.015998979479901
2026-06-11 00:00:00,1021.620625,-1.9435577392578125,-2.164825439453125,2.9092758324250307,-0.05663720343750018,-0.0016402642141561956,-0.058277467651656374,-0.041971737580484746,-5.663720343750018,-0.16402642141561957,-5.827746765165638,-4.197173758048475,-0.0910173383636282,-9.10173383636282,forecast,-0.13298907594411294,-13.298907594411293,1.6159890759441131,161.59890759441132,1.606989075944113,160.6989075944113,-0.041971737580484746,-4.197173758048475
2026-06-11 01:00:00,1021.4344444444445,-2.187629982277199,-2.2527571171116905,3.140165531951383,-0.05491438166666687,-0.0017762201200440812,-0.056690601786710954,-0.043443624001107364,-5.491438166666687,-0.17762201200440814,-5.669060178671096,-4.344362400110737,-0.0825472064778107,-8.25472064778107,forecast,-0.12599083047891807,-12.599083047891806,1.6089908304789182,160.89908304789182,1.599990830478918,159.99908304789182,-0.043443624001107364,-4.344362400110737
2026-06-11 02:00:00,1021.0886805555556,-2.640907005027489,-2.3940567133952553,3.564533259229903,-0.0517148555208336,-0.002006027641433512,-0.05372088316226711,-0.04447134991722334,-5.17148555208336,-0.20060276414335118,-5.372088316226711,-4.447134991722334,-0.0761420612369368,-7.61420612369368,forecast,-0.12061341115416013,-12.061341115416013,1.6036134111541602,160.36134111541602,1.59461341115416,159.46134111541602,-0.04447134991722334,-4.447134991722334
2026-06-11 03:00:00,1020.9025,-2.884979248046875,-2.467987060546875,3.79658601808097,-0.0499920337500003,-0.0021318360458593816,-0.05212386979585969,-0.04523660190508697,-4.999203375000031,-0.21318360458593816,-5.212386979585968,-4.523660190508697,-0.0750019887029793,-7.500198870297931,forecast,-0.12023859060806627,-12.023859060806627,1.6032385906080664,160.32385906080663,1.5942385906080663,159.42385906080662,-0.04523660190508697,-4.523660190508697
2026-06-11 04:00:00,1021.1007123962954,-2.8195710358796293,-2.456289740398423,3.739430453312092,-0.05182619215911968,-0.0021116757510752935,-0.053937867910194975,-0.04610672850559777,-5.182619215911968,-0.21116757510752934,-5.393786791019497,-4.610672850559777,-0.0809759095577915,-8.09759095577915,forecast,-0.12708263806338926,-12.708263806338927,1.6100826380633895,161.00826380633896,1.6010826380633891,160.10826380633893,-0.04610672850559777,-4.610672850559777
2026-06-11 05:00:00,1021.5503136814797,-2.6980986418547452,-2.424752603626707,3.6275558534601386,-0.055986577651572215,-0.002057798816078073,-0.05804437646765029,-0.04730049330180302,-5.598657765157221,-0.20577988160780733,-5.804437646765029,-4.730049330180302,-0.0933330953579515,-9.33330953579515,forecast,-0.14063358865975453,-14.063358865975454,1.6236335886597546,162.36335886597547,1.6146335886597545,161.46335886597544,-0.04730049330180302,-4.730049330180302
2026-06-11 06:00:00,1022.03375,-2.6326904296875,-2.3787078857421875,3.5481417818712124,-0.060460055625000515,-0.0019803879219922236,-0.06244044354699274,-0.04881448832632199,-6.046005562500052,-0.19803879219922235,-6.244044354699274,-4.881448832632199,-0.109980039496134,-10.9980039496134,forecast,-0.15879452782245598,-15.879452782245599,1.6417945278224562,164.17945278224562,1.632794527822456,163.2794527822456,-0.04881448832632199,-4.881448832632199
2026-06-11 07:00:00,1022.6084131703723,-2.7000212492766207,-2.2816479559650533,3.5349727214654414,-0.06577770127203984,-0.001822071088235827,-0.06759977236027567,-0.05069301672971736,-6.577770127203984,-0.1822071088235827,-6.759977236027567,-5.069301672971736,-0.128730372992446,-12.873037299244599,forecast,-0.17942338972216337,-17.942338972216337,1.6624233897221634,166.24233897221634,1.6534233897221633,165.34233897221634,-0.05069301672971736,-5.069301672971736
2026-06-11 08:00:00,1023.2274357518528,-2.8250641999421298,-2.091137979262528,3.514803804212809,-0.07150582672976985,-0.0015305003169099596,-0.07303632704667981,-0.05292734776141361,-7.150582672976985,-0.15305003169099596,-7.303632704667981,-5.292734776141361,-0.146584230361692,-14.6584230361692,forecast,-0.1995115781231056,-19.951157812310562,1.6825115781231057,168.25115781231057,1.6735115781231056,167.35115781231056,-0.05292734776141361,-5.292734776141361
2026-06-11 09:00:00,1023.516875,-2.89239501953125,-1.803619384765625,3.4086642301804253,-0.07418415281250026,-0.001138565009785816,-0.07532271782228608,-0.05516688476750086,-7.418415281250026,-0.1138565009785816,-7.532271782228609,-5.516688476750086,-0.159647092845517,-15.9647092845517,forecast,-0.21481397761301788,-21.48139776130179,1.6978139776130179,169.78139776130178,1.6888139776130178,168.88139776130177,-0.05516688476750086,-5.516688476750086
2026-06-11 10:00:00,1023.4845379417226,-1.5670499448423032,-0.7736957002266,1.7476414295213405,-0.0738849218437299,-0.00020951176279219508,-0.0740944336065221,-0.05705963965140299,-7.38849218437299,-0.020951176279219507,-7.40944336065221,-5.705963965140299,-0.164618721595184,-16.4618721595184,forecast,-0.221678361246587,-22.1678361246587,1.704678361246587,170.4678361246587,1.6956783612465869,169.5678361246587,-0.05705963965140299,-5.705963965140299
2026-06-11 11:00:00,1023.4053953278896,0.8943051938657409,0.9645409539746435,1.3153406523291051,-0.07315257566662596,0.00032561873816301033,-0.07282695692846294,-0.05863637137910899,-7.315257566662596,0.03256187381630103,-7.2826956928462945,-5.8636371379108985,-0.159773933376623,-15.9773933376623,forecast,-0.21841030475573198,-21.8410304755732,1.701410304755732,170.14103047557322,1.692410304755732,169.24103047557318,-0.05863637137910899,-5.8636371379108985
2026-06-11 12:00:00,1023.30625,2.2196502685546875,2.395416259765625,3.265710699410533,-0.0722351343749998,0.0020083066701423375,-0.07022682770485747,-0.05979541701168384,-7.22351343749998,0.20083066701423374,-7.022682770485747,-5.979541701168384,-0.14568318557177,-14.568318557177001,forecast,-0.20547860258345385,-20.547860258345384,1.688478602583454,168.8478602583454,1.6794786025834538,167.94786025834537,-0.05979541701168384,-5.979541701168384
2026-06-11 13:00:00,1023.1524555027736,2.150032733541901,3.361749606702186,3.9904888389098345,-0.07081199699491544,0.0039554761463568055,-0.06685652084855864,-0.06050152739537132,-7.0811996994915445,0.39554761463568056,-6.685652084855864,-6.050152739537132,-0.125839867506348,-12.583986750634802,forecast,-0.18634139490171933,-18.634139490171933,1.6693413949017195,166.93413949017196,1.6603413949017194,166.03413949017195,-0.06050152739537132,-6.050152739537132
2026-06-11 14:00:00,1022.9488026084925,1.9816230164544617,4.173035176614982,4.619637687590674,-0.06892749493768575,0.006094977904843112,-0.06283251703284265,-0.06073462635911845,-6.892749493768576,0.6094977904843112,-6.2832517032842645,-6.073462635911845,-0.105354562974709,-10.535456297470901,forecast,-0.16608918933382746,-16.608918933382746,1.6490891893338275,164.90891893338275,1.6400891893338274,164.00891893338274,-0.06073462635911845,-6.073462635911845
2026-06-11 15:00:00,1022.78125,1.77508544921875,4.51361083984375,4.850114551800105,-0.06737704687500001,0.007130438984744251,-0.060246607890255766,-0.06068582451223218,-6.737704687500001,0.7130438984744251,-6.024660789025576,-6.068582451223218,-0.0887009096416522,-8.87009096416522,forecast,-0.14938673415388437,-14.938673415388436,1.6323867341538845,163.23867341538843,1.6233867341538843,162.33867341538843,-0.06068582451223218,-6.068582451223218
2026-06-11 16:00:00,1022.6557566720072,1.5269369565268178,4.452547411018439,4.70709198089164,-0.06621579436441877,0.00693881245657845,-0.059276981907840316,-0.060544940251792995,-6.621579436441877,0.693881245657845,-5.927698190784032,-6.0544940251793,-0.0786454233893136,-7.8645423389313605,forecast,-0.1391903636411066,-13.91903636411066,1.6221903636411068,162.21903636411068,1.6131903636411065,161.31903636411064,-0.060544940251792995,-6.0544940251793
2026-06-11 17:00:00,1022.5493019471146,1.192733506908505,4.291091322687918,4.453771206309301,-0.06523071556762496,0.006444712658876641,-0.05878600290874832,-0.06036904651748853,-6.5230715567624955,0.6444712658876641,-5.878600290874831,-6.036904651748853,-0.075570028608604,-7.5570028608604,forecast,-0.13593907512609252,-13.593907512609253,1.6189390751260926,161.89390751260925,1.6099390751260925,160.99390751260924,-0.06036904651748853,-6.036904651748853
2026-06-11 18:00:00,1022.504375,0.771697998046875,4.0618438720703125,4.134500385931135,-0.06481498406249984,0.005774501474376302,-0.05904048258812354,-0.06023619012455203,-6.481498406249984,0.5774501474376301,-5.904048258812354,-6.023619012455203,-0.0773733032408795,-7.73733032408795,forecast,-0.13760949336543155,-13.760949336543154,1.6206094933654316,162.06094933654316,1.6116094933654315,161.16094933654315,-0.06023619012455203,-6.023619012455203
2026-06-11 19:00:00,1023.0602810557399,-0.026809277017246516,3.532769885484257,3.5328716083546876,-0.0699590607492891,0.004368162072324558,-0.06559089867696455,-0.06077166097979328,-6.995906074928911,0.4368162072324558,-6.559089867696455,-6.077166097979328,-0.0814927977894911,-8.14927977894911,forecast,-0.1422644587692844,-14.22644587692844,1.6252644587692844,162.52644587692845,1.6162644587692845,161.62644587692844,-0.06077166097979328,-6.077166097979328
2026-06-11 20:00:00,1024.124798222591,-1.0229117118050643,2.6539728840151486,2.8442785445936294,-0.07980957035274514,0.00246525022418069,-0.07734432012856444,-0.062428926894670396,-7.980957035274513,0.246525022418069,-7.734432012856445,-6.242892689467039,-0.0869368879924059,-8.69368879924059,forecast,-0.1493658148870763,-14.93658148870763,1.6323658148870763,163.23658148870763,1.6233658148870762,162.33658148870762,-0.062428926894670396,-6.242892689467039
2026-06-11 21:00:00,1024.793125,-1.5116119384765625,1.73126220703125,2.29831231168429,-0.08599393218749926,0.00104904409032315,-0.08494488809717611,-0.06468052301492097,-8.599393218749926,0.104904409032315,-8.49448880971761,-6.468052301492097,-0.0935067714929697,-9.350677149296969,forecast,-0.15818729450789065,-15.818729450789066,1.6411872945078907,164.11872945078906,1.6321872945078906,163.21872945078906,-0.06468052301492097,-6.468052301492097
2026-06-11 22:00:00,1024.9417989996311,-1.4040985248110716,0.6945711254415845,1.5664998294522143,-0.08736968704308683,0.00016885016690401625,-0.08720083687618281,-0.06693255440104715,-8.736968704308683,0.016885016690401624,-8.720083687618281,-6.693255440104714,-0.0998823159109871,-9.98823159109871,forecast,-0.16681487031203424,-16.681487031203424,1.6498148703120343,164.98148703120344,1.6408148703120342,164.0814870312034,-0.06693255440104715,-6.693255440104714
2026-06-11 23:00:00,1025.0412467220378,-1.1525455332375945,-0.39417050046836066,1.2180852144351022,-0.08828992654237716,-5.437963420381727e-05,-0.08834430617658098,-0.06907372957860053,-8.828992654237716,-0.005437963420381727,-8.834430617658098,-6.907372957860053,-0.103593432861209,-10.3593432861209,forecast,-0.17266716243980954,-17.266716243980955,1.6556671624398096,165.56671624398095,1.6466671624398095,164.66671624398094,-0.06907372957860053,-6.907372957860053
2026-06-12 00:00:00,1025.0775,-0.863433837890625,-1.031158447265625,1.3449184866681656,-0.08862539625000093,-0.00037215071017853915,-0.08899754696017947,-0.07106611131675843,-8.862539625000093,-0.037215071017853915,-8.899754696017947,-7.106611131675843,-0.102844873584547,-10.2844873584547,forecast,-0.1739109849013054,-17.391098490130542,1.6569109849013055,165.69109849013054,1.6479109849013054,164.79109849013054,-0.07106611131675843,-7.106611131675843
2026-06-12 01:00:00,1024.9627777777778,-0.4557732194750791,-1.2344433600644111,1.3158949945940945,-0.08756381416666664,-0.0005333476432224897,-0.08809716180988914,-0.0727692163660715,-8.756381416666665,-0.05333476432224897,-8.809716180988914,-7.276921636607151,-0.0979468167937073,-9.79468167937073,forecast,-0.1707160331597788,-17.071603315977878,1.6537160331597789,165.3716033159779,1.6447160331597788,164.4716033159779,-0.0727692163660715,-7.276921636607151
2026-06-12 02:00:00,1024.7497222222223,0.015942057797182607,-1.3690012662119893,1.3690940859184362,-0.08559230458333422,-0.0006559575634115105,-0.08624826214674573,-0.07411712094413893,-8.559230458333422,-0.06559575634115104,-8.624826214674574,-7.411712094413893,-0.0911645116899388,-9.11645116899388,forecast,-0.16528163263407775,-16.528163263407773,1.648281632634078,164.8281632634078,1.6392816326340778,163.92816326340778,-0.07411712094413893,-7.411712094413893
2026-06-12 03:00:00,1024.635,0.24200439453125,-1.451416015625,1.4714532195707708,-0.08453072249999993,-0.0007373129576444626,-0.0852680354576444,-0.07523221239548947,-8.453072249999993,-0.07373129576444626,-8.52680354576444,-7.523221239548946,-0.085993998650667,-8.5993998650667,forecast,-0.16122621104615648,-16.122621104615646,1.6442262110461565,164.42262110461564,1.6352262110461564,163.52262110461564,-0.07523221239548947,-7.523221239548946
2026-06-12 04:00:00,1024.7361954549203,0.16569745099103006,-1.50979468985346,1.5188599839269683,-0.08546713464210533,-0.0007978180019283968,-0.08626495264403372,-0.07633548642034389,-8.546713464210534,-0.07978180019283969,-8.626495264403372,-7.633548642034389,-0.0862309728824063,-8.623097288240631,forecast,-0.1625664593027502,-16.25664593027502,1.6455664593027504,164.55664593027504,1.6365664593027502,163.65664593027503,-0.07633548642034389,-7.633548642034389
2026-06-12 05:00:00,1024.959752020952,0.023984555844907385,-1.5533948628303758,1.5535800136416789,-0.08753581532587944,-0.0008445624599537307,-0.08838037778583317,-0.07753997555689282,-8.753581532587944,-0.08445624599537307,-8.838037778583317,-7.753997555689282,-0.0940536208218263,-9.40536208218263,forecast,-0.17159359637871913,-17.159359637871912,1.6545935963787193,165.45935963787193,1.6455935963787192,164.55935963787192,-0.07753997555689282,-7.753997555689282
2026-06-12 06:00:00,1025.185625,-0.0523223876953125,-1.570526123046875,1.5713974466782064,-0.08962593093750068,-0.0008632933061104267,-0.09048922424361111,-0.07883490042556465,-8.962593093750067,-0.08632933061104267,-9.04892242436111,-7.883490042556465,-0.108677703808375,-10.8677703808375,forecast,-0.18751260423393967,-18.751260423393965,1.6705126042339398,167.05126042339398,1.6615126042339396,166.15126042339398,-0.07883490042556465,-7.883490042556465
2026-06-12 07:00:00,1025.4170072383072,0.008682169220411397,-1.1773657347088657,1.1773977464429424,-0.09176702647967548,-0.0004851665256432915,-0.09225219300531877,-0.08017662968354006,-9.176702647967549,-0.04851665256432915,-9.225219300531878,-8.017662968354006,-0.127361361679406,-12.7361361679406,forecast,-0.20753799136294607,-20.753799136294607,1.6905379913629461,169.0537991362946,1.681537991362946,168.1537991362946,-0.08017662968354006,-8.017662968354006
2026-06-12 08:00:00,1025.6507952858205,0.17207998242953806,-0.34280248721287065,0.3835688537828384,-0.09393038417734047,-4.112974083376562e-05,-0.09397151391817424,-0.08155611810700347,-9.393038417734047,-0.004112974083376562,-9.397151391817424,-8.155611810700346,-0.14676719195623,-14.676719195623,forecast,-0.22832331006323348,-22.832331006323347,1.7113233100632335,171.13233100632334,1.7023233100632336,170.23233100632336,-0.08155611810700347,-8.155611810700346
2026-06-12 09:00:00,1025.7575,0.408447265625,0.4157867431640625,0.5828445629732831,-0.09491777624999942,6.050751552684233e-05,-0.09485726873447257,-0.08288623316975038,-9.491777624999942,0.006050751552684233,-9.485726873447257,-8.288623316975038,-0.163173828109949,-16.3173828109949,forecast,-0.24606006127969937,-24.606006127969938,1.7290600612796996,172.90600612796996,1.7200600612796992,172.00600612796993,-0.08288623316975038,-8.288623316975038
2026-06-12 10:00:00,1025.6409739999083,1.2373178492400223,1.0231348123358452,1.6055405022176985,-0.09383950290815131,0.00036638169547472684,-0.09347312121267658,-0.083944921974043,-9.38395029081513,0.03663816954747268,-9.347312121267658,-8.3944921974043,-0.172926763548634,-17.292676354863403,forecast,-0.25687168552267703,-25.687168552267703,1.7398716855226772,173.98716855226772,1.730871685522677,173.08716855226768,-0.083944921974043,-8.3944921974043
2026-06-12 11:00:00,1025.36153133315,2.5010789346569036,1.576821617593704,2.956647129959092,-0.09125368019130325,0.0008702282447987888,-0.09038345194650446,-0.08458877497128914,-9.125368019130326,0.08702282447987889,-9.038345194650447,-8.458877497128913,-0.173114641087558,-17.3114641087558,forecast,-0.25770341605884717,-25.770341605884717,1.7407034160588473,174.07034160588472,1.7317034160588471,173.17034160588472,-0.08458877497128914,-8.458877497128913
2026-06-12 12:00:00,1025.024375,3.1545867919921875,1.8187408447265625,3.6413233979541353,-0.08813380406249968,0.0011577363910968417,-0.08697606767140284,-0.0848275042413005,-8.813380406249967,0.11577363910968416,-8.697606767140284,-8.482750424130051,-0.162086808192522,-16.2086808192522,forecast,-0.2469143124338225,-24.69143124338225,1.7299143124338225,172.99143124338227,1.7209143124338224,172.09143124338223,-0.0848275042413005,-8.482750424130051
2026-06-12 13:00:00,1024.5367082365092,2.1581525063855813,1.7929487324908182,2.805759682894955,-0.08362117966653775,0.001125132805069151,-0.0824960468614686,-0.08459435850331731,-8.362117966653775,0.11251328050691509,-8.24960468614686,-8.459435850331731,-0.140941461331259,-14.094146133125902,forecast,-0.22553581983457632,-22.553581983457633,1.7085358198345764,170.85358198345764,1.6995358198345762,169.95358198345764,-0.08459435850331731,-8.459435850331731
2026-06-12 14:00:00,1023.9280051394098,0.13756186227203027,1.7185963717741712,1.7240930238902699,-0.0779885455575289,0.001033750721176371,-0.07695479483635254,-0.08383040213662084,-7.79885455575289,0.10337507211763709,-7.695479483635253,-8.383040213662083,-0.114365595471926,-11.4365595471926,forecast,-0.19819599760854684,-19.819599760854683,1.6811959976085469,168.1195997608547,1.6721959976085468,167.21959976085466,-0.08383040213662084,-8.383040213662083
2026-06-12 15:00:00,1023.486875,-1.4541168212890625,1.6002197265625,2.1622115768896366,-0.07390654781250051,0.0008962461106479168,-0.0730103017018526,-0.08274839209314401,-7.390654781250052,0.08962461106479168,-7.3010301701852605,-8.2748392093144,-0.0885426729439276,-8.854267294392761,forecast,-0.17129106503707162,-17.129106503707163,1.6542910650370717,165.42910650370717,1.6452910650370716,164.52910650370717,-0.08274839209314401,-8.2748392093144
2026-06-12 16:00:00,1023.2345393792004,-2.340412204068906,0.38212745996772685,2.3714026820884007,-0.0715715601454313,5.1107488481485334e-05,-0.07152045265694981,-0.08162559814952458,-7.15715601454313,0.005110748848148533,-7.152045265694981,-8.162559814952457,-0.0685920075763069,-6.85920075763069,forecast,-0.15021760572583148,-15.021760572583148,1.6332176057258316,163.32176057258317,1.6242176057258315,162.42176057258314,-0.08162559814952458,-8.162559814952457
2026-06-12 17:00:00,1023.0394919118224,-3.0510052895887063,-1.7345539118889666,3.5096026200052313,-0.06976668840604894,-0.0010530370456372608,-0.0708197254516862,-0.08054501087974075,-6.976668840604894,-0.10530370456372608,-7.08197254516862,-8.054501087974074,-0.0575972163236054,-5.75972163236054,forecast,-0.13814222720334615,-13.814222720334616,1.6211422272033462,162.11422272033462,1.612142227203346,161.21422272033462,-0.08054501087974075,-8.054501087974074
2026-06-12 18:00:00,1022.96125,-3.3420562744140625,-2.8600616455078125,4.398783099614627,-0.06904267687499954,-0.0028629834156366995,-0.07190566029063625,-0.0796810758208303,-6.904267687499955,-0.28629834156366996,-7.190566029063625,-7.96810758208303,-0.055662741101079,-5.5662741101079005,forecast,-0.1353438169219093,-13.53438169219093,1.6183438169219093,161.83438169219093,1.6093438169219092,160.93438169219093,-0.0796810758208303,-7.96810758208303
2026-06-12 19:00:00,1023.3063888888888,-2.8555754177805888,-2.4717503300419557,3.7767526607782114,-0.0722364195833327,-0.002138342392921881,-0.07437476197625457,-0.07915044443637273,-7.223641958333269,-0.2138342392921881,-7.4374761976254575,-7.915044443637273,-0.0599063038441646,-5.99063038441646,forecast,-0.13905674828053732,-13.905674828053732,1.6220567482805375,162.20567482805376,1.6130567482805374,161.30567482805372,-0.07915044443637273,-7.915044443637273
2026-06-12 20:00:00,1023.947361111111,-1.8902601969978097,-1.750600744176794,2.576370815287765,-0.07816765604166598,-0.0010726110379293207,-0.0792402670795953,-0.07915942670069498,-7.816765604166598,-0.10726110379293208,-7.924026707959531,-7.915942670069498,-0.0672436291041873,-6.72436291041873,forecast,-0.14640305580488228,-14.640305580488228,1.6294030558048824,162.94030558048826,1.6204030558048823,162.04030558048822,-0.07915942670069498,-7.915942670069498
2026-06-12 21:00:00,1024.2925,-1.1873016357421875,-1.3622894287109375,1.8070743376556613,-0.08136139875000017,-0.0006495413706521504,-0.08201094012065233,-0.07944457804269071,-8.136139875000017,-0.06495413706521504,-8.201094012065232,-7.944457804269072,-0.0767271079493489,-7.67271079493489,forecast,-0.15617168599203962,-15.617168599203962,1.6391716859920398,163.917168599204,1.6301716859920397,163.01716859920396,-0.07944457804269071,-7.944457804269072
2026-06-12 22:00:00,1024.2205797635725,-0.8798226299697831,-1.380483298043627,1.6370161869646724,-0.08069588484221776,-0.0006670069476620934,-0.08136289178987986,-0.07963640941740963,-8.069588484221777,-0.06670069476620934,-8.136289178987987,-7.963640941740962,-0.088169390823327,-8.8169390823327,forecast,-0.16780580024073663,-16.780580024073664,1.6508058002407366,165.08058002407367,1.6418058002407365,164.18058002407366,-0.07963640941740963,-7.963640941740962
2026-06-12 23:00:00,1024.0414373049227,-0.6489694407986936,-1.430259469893678,1.57060608884313,-0.07903819010110257,-0.0007159747529271905,-0.07975416485402975,-0.07964818496107165,-7.903819010110256,-0.07159747529271905,-7.975416485402976,-7.964818496107165,-0.0996399153411111,-9.96399153411111,forecast,-0.17928810030218273,-17.928810030218273,1.6622881003021828,166.22881003021828,1.6532881003021827,165.32881003021828,-0.07964818496107165,-7.964818496107165
2026-06-13 00:00:00,1023.81,-0.5579681396484375,-1.5044097900390625,1.604548927651667,-0.0768965849999995,-0.0007921370857278817,-0.07768872208572739,-0.07945223867353722,-7.68965849999995,-0.07921370857278817,-7.768872208572739,-7.945223867353722,-0.10765394642427,-10.765394642427,forecast,-0.18710618509780721,-18.710618509780723,1.6701061850978074,167.01061850978073,1.6611061850978073,166.11061850978072,-0.07945223867353722,-7.945223867353722
2026-06-13 01:00:00,1023.3403682506329,-0.8737509312317999,-1.827747438381785,2.0258581856437075,-0.07255084760723135,-0.001169231244478912,-0.07372007885171027,-0.07887902269135452,-7.255084760723135,-0.11692312444789119,-7.372007885171026,-7.887902269135452,-0.109736383374982,-10.9736383374982,forecast,-0.18861540606633653,-18.861540606633653,1.6716154060663366,167.16154060663365,1.6626154060663365,166.26154060663364,-0.07887902269135452,-7.887902269135452
2026-06-13 02:00:00,1022.718864680872,-1.4679150704714123,-2.340300076884035,2.7625674840590797,-0.06679976432444908,-0.0019169515574521973,-0.06871671588190127,-0.0778627920104092,-6.679976432444907,-0.19169515574521973,-6.871671588190127,-7.78627920104092,-0.106260408019382,-10.626040801938199,forecast,-0.1841232000297912,-18.412320002979122,1.6671232000297913,166.71232000297914,1.6581232000297912,165.8123200029791,-0.0778627920104092,-7.78627920104092
2026-06-13 03:00:00,1022.40875,-1.8106842041015625,-2.6076812744140625,3.174677765681528,-0.06393011812500052,-0.0023800005701254123,-0.06631011869512593,-0.07670752467888088,-6.393011812500052,-0.23800005701254123,-6.631011869512593,-7.6707524678880885,-0.10012121751625,-10.012121751625,forecast,-0.1768287421951309,-17.68287421951309,1.659828742195131,165.9828742195131,1.6508287421951309,165.0828742195131,-0.07670752467888088,-7.6707524678880885
2026-06-13 04:00:00,1022.4729498218528,-1.8363524831921494,-2.5285684997278,3.1250358558489646,-0.06452419117651496,-0.002237780530235494,-0.06676197170675045,-0.07571296938166783,-6.4524191176514964,-0.2237780530235494,-6.676197170675045,-7.571296938166783,-0.0956432957719228,-9.56432957719228,forecast,-0.17135626515359065,-17.135626515359064,1.6543562651535908,165.43562651535908,1.6453562651535907,164.53562651535907,-0.07571296938166783,-7.571296938166783
2026-06-13 05:00:00,1022.5933996437054,-1.8492149215380318,-2.342311899086676,2.9842957056300468,-0.06563877360302815,-0.0019202487614110603,-0.06755902236443921,-0.07489757467994496,-6.563877360302815,-0.19202487614110603,-6.755902236443921,-7.489757467994496,-0.097275158908265,-9.727515890826501,forecast,-0.17217273358820995,-17.217273358820997,1.65517273358821,165.517273358821,1.64617273358821,164.617273358821,-0.07489757467994496,-7.489757467994496
2026-06-13 06:00:00,1022.661875,-1.8744964599609375,-2.1255340576171875,2.8340134100770715,-0.0662724103125001,-0.0015812632605317048,-0.0678536735730318,-0.07419318456925364,-6.62724103125001,-0.15812632605317048,-6.785367357303181,-7.419318456925364,-0.107300993334762,-10.730099333476199,forecast,-0.18149417790401562,-18.14941779040156,1.6644941779040157,166.44941779040155,1.6554941779040155,165.54941779040155,-0.07419318456925364,-7.419318456925364
2026-06-13 07:00:00,1022.6673179488871,-2.142065636849671,-1.916299282235117,2.8741343273526745,-0.06632277664002681,-0.0012852710286831888,-0.06760804766871,-0.07353467087919927,-6.632277664002681,-0.12852710286831887,-6.760804766871,-7.353467087919927,-0.124274143033743,-12.4274143033743,forecast,-0.19780881391294225,-19.780881391294226,1.6808088139129422,168.0808813912942,1.6718088139129423,167.18088139129424,-0.07353467087919927,-7.353467087919927
2026-06-13 08:00:00,1022.6707075855546,-2.597180448904436,-1.6522280816657857,3.0781819176287244,-0.06635414264292971,-0.0009554501718457508,-0.06730959281477547,-0.07291216307275689,-6.635414264292971,-0.09554501718457507,-6.730959281477547,-7.291216307275689,-0.144200181727213,-14.4200181727213,forecast,-0.21711234479996988,-21.71123447999699,1.70011234479997,170.011234479997,1.6911123447999699,169.111234479997,-0.07291216307275689,-7.291216307275689
2026-06-13 09:00:00,1022.671875,-2.8381500244140625,-1.25927734375,3.104975843636082,-0.0663649453125,-0.0005550227999687195,-0.06691996811246873,-0.07231294357672807,-6.63649453125,-0.05550227999687195,-6.691996811246873,-7.231294357672807,-0.162753363224965,-16.2753363224965,forecast,-0.23506630680169308,-23.50663068016931,1.7180663068016933,171.80663068016932,1.7090663068016931,170.90663068016931,-0.07231294357672807,-7.231294357672807
2026-06-13 10:00:00,1022.6570116991992,-1.288004759240069,0.08944955810076127,1.291107076608865,-0.06622740775853969,2.8004282055475132e-06,-0.06622460733033414,-0.07170410995208867,-6.622740775853969,0.0002800428205547513,-6.622460733033414,-7.170410995208868,-0.176360779356648,-17.6360779356648,forecast,-0.24806488930873669,-24.80648893087367,1.7310648893087368,173.1064889308737,1.7220648893087367,172.20648893087366,-0.07170410995208867,-7.170410995208868
2026-06-13 11:00:00,1022.6150650650651,1.6470383737724665,2.0892007583255543,2.660356219243416,-0.06583925457957987,0.0015276659330058248,-0.06431158864657405,-0.07096485782153722,-6.583925457957987,0.15276659330058248,-6.431158864657405,-7.096485782153722,-0.182135487310312,-18.2135487310312,forecast,-0.2531003451318492,-25.31003451318492,1.7361003451318493,173.61003451318493,1.7271003451318492,172.71003451318492,-0.07096485782153722,-7.096485782153722
2026-06-13 12:00:00,1022.55,3.393890380859375,3.116546630859375,4.607749431079203,-0.06523717499999959,0.0033995020158123224,-0.06183767298418727,-0.07005213933780223,-6.523717499999959,0.33995020158123224,-6.183767298418727,-7.005213933780223,-0.177329642683685,-17.7329642683685,forecast,-0.24738178202148725,-24.738178202148724,1.7303817820214873,173.03817820214874,1.7213817820214872,172.1381782021487,-0.07005213933780223,-7.005213933780223
2026-06-13 13:00:00,1022.2300461422805,3.6485458457009132,2.9603872033869725,4.698486903478473,-0.062276481977592224,0.003067362337892069,-0.05920911963970016,-0.06896783736799203,-6.227648197759223,0.3067362337892069,-5.920911963970016,-6.896783736799203,-0.160165011518895,-16.0165011518895,forecast,-0.22913284888688704,-22.913284888688704,1.7121328488868872,171.21328488868872,1.703132848886887,170.3132848886887,-0.06896783736799203,-6.896783736799203
2026-06-13 14:00:00,1021.6173773821586,3.8123668288291896,2.6069757142826253,4.618491443362923,-0.0566071516058043,0.0023787128312007916,-0.0542284387746035,-0.06749389750865317,-5.66071516058043,0.23787128312007916,-5.42284387746035,-6.749389750865317,-0.132497121195171,-13.2497121195171,forecast,-0.19999101870382419,-19.999101870382418,1.6829910187038242,168.29910187038243,1.6739910187038243,167.39910187038242,-0.06749389750865317,-6.749389750865317
2026-06-13 15:00:00,1021.006875,3.8703155517578125,2.228912353515625,4.4662504127996385,-0.05095786781250034,0.0017388175978790968,-0.049219050214621245,-0.06566641277924998,-5.095786781250034,0.17388175978790968,-4.921905021462124,-6.566641277924997,-0.100321456724546,-10.0321456724546,forecast,-0.16598786950379596,-16.598786950379598,1.648987869503796,164.89878695037962,1.639987869503796,163.99878695037958,-0.06566641277924998,-6.566641277924997
2026-06-13 16:00:00,1020.3846618445682,3.465121156641794,1.8412495379703233,3.9239348225069306,-0.04520021837871184,0.0011865699513765751,-0.04401364842733527,-0.0635011363440585,-4.520021837871184,0.11865699513765751,-4.401364842733527,-6.35011363440585,-0.0706187622608329,-7.06187622608329,forecast,-0.1341198986048914,-13.41198986048914,1.6171198986048916,161.71198986048915,1.6081198986048915,160.81198986048915,-0.0635011363440585,-6.35011363440585
2026-06-13 17:00:00,1019.7645878667286,2.579013811221957,1.4218929723428833,2.9450113519767087,-0.03946236382477275,0.0007076228686793278,-0.03875474095609342,-0.061026496805261995,-3.946236382477275,0.07076228686793277,-3.8754740956093423,-6.102649680526199,-0.0488432299239592,-4.88432299239592,forecast,-0.1098697267292212,-10.98697267292212,1.5928697267292213,159.28697267292213,1.5838697267292212,158.38697267292213,-0.061026496805261995,-6.102649680526199
2026-06-13 18:00:00,1019.483125,1.706207275390625,1.0877227783203125,2.023433742199818,-0.03685784718749975,0.0004140992948669009,-0.03644374789263285,-0.05856822191399908,-3.685784718749975,0.04140992948669009,-3.644374789263285,-5.856822191399909,-0.0382047895004751,-3.82047895004751,forecast,-0.09677301141447418,-9.677301141447419,1.5797730114144743,157.97730114144744,1.5707730114144742,157.07730114144744,-0.05856822191399908,-5.856822191399909
2026-06-13 19:00:00,1019.8195138888889,0.942857790591389,0.8934947557764815,1.2989663936680387,-0.039970621770833235,0.000279416507510026,-0.03969120526332321,-0.05668052024893149,-3.9970621770833237,0.027941650751002602,-3.969120526332321,-5.668052024893149,-0.0383527603193137,-3.83527603193137,forecast,-0.0950332805682452,-9.50332805682452,1.5780332805682453,157.80332805682454,1.5690332805682452,156.90332805682453,-0.05668052024893149,-5.668052024893149
2026-06-13 20:00:00,1020.4442361111111,0.19209318413767484,0.741613320612156,0.766087533315573,-0.0457514888541664,0.00019249661105828598,-0.04555899224310811,-0.05556836744834915,-4.57514888541664,0.019249661105828597,-4.555899224310811,-5.556836744834915,-0.0455732424564383,-4.55732424564383,forecast,-0.10114160990478745,-10.114160990478744,1.5841416099047876,158.41416099047876,1.5751416099047875,157.51416099047876,-0.05556836744834915,-5.556836744834915
2026-06-13 21:00:00,1020.780625,-0.3414154052734375,0.5204315185546875,0.622425452936465,-0.04886426343749988,9.479713792679831e-05,-0.048769466299573086,-0.05488847733347155,-4.886426343749988,0.00947971379267983,-4.876946629957309,-5.488847733347154,-0.0564483984810364,-5.64483984810364,forecast,-0.11133687581450795,-11.133687581450795,1.594336875814508,159.4336875814508,1.5853368758145079,158.53368758145078,-0.05488847733347155,-5.488847733347154
2026-06-13 22:00:00,1020.6188019020387,-0.6498944928656133,-0.08003261821314851,0.6548038422574384,-0.047366833400515486,-2.241826992318057e-06,-0.0473690752275078,-0.054136537122875174,-4.736683340051549,-0.0002241826992318057,-4.73690752275078,-5.413653712287517,-0.0702383788877443,-7.0238378887744295,forecast,-0.12437491601061948,-12.437491601061948,1.6073749160106197,160.73749160106198,1.5983749160106195,159.83749160106194,-0.054136537122875174,-5.413653712287517
2026-06-13 23:00:00,1020.2428121374109,-0.8815350879517796,-0.9190068535826333,1.2734511016218892,-0.04388761211353132,-0.0002956007589261481,-0.044183212872457474,-0.0531412046978334,-4.388761211353132,-0.029560075892614807,-4.418321287245748,-5.31412046978334,-0.0865951760001,-8.65951760001,forecast,-0.1397363806979334,-13.97363806979334,1.6227363806979336,162.27363806979335,1.6137363806979335,161.37363806979334,-0.0531412046978334,-5.31412046978334
2026-06-14 00:00:00,1019.816875,-1.06561279296875,-1.4320068359375,1.7849857710106236,-0.03994620281249984,-0.0007177252523601056,-0.040663928064859946,-0.051893477034536055,-3.994620281249984,-0.07177252523601056,-4.066392806485995,-5.189347703453605,-0.102620537672552,-10.2620537672552,forecast,-0.15451401470708806,-15.451401470708806,1.6375140147070881,163.7514014707088,1.628514014707088,162.8514014707088,-0.051893477034536055,-5.189347703453605
2026-06-14 01:00:00,1019.2389471218484,-1.208033943704336,-1.5758209931436111,1.9855875230203195,-0.03459834719202376,-0.0008691241308512408,-0.035467471322875,-0.050250876463369946,-3.4598347192023757,-0.08691241308512408,-3.5467471322875,-5.025087646336995,-0.113749734127898,-11.3749734127898,forecast,-0.16400061059126794,-16.400061059126795,1.647000610591268,164.7000610591268,1.638000610591268,163.8000610591268,-0.050250876463369946,-5.025087646336995
2026-06-14 02:00:00,1018.5806888387019,-1.324592691540368,-1.6733458128695486,2.134158383984236,-0.028507154168928194,-0.0009800301733068177,-0.02948718434223501,-0.04817450725125645,-2.8507154168928195,-0.09800301733068177,-2.948718434223501,-4.817450725125645,-0.11723410922258,-11.723410922258,forecast,-0.16540861647383645,-16.540861647383647,1.6484086164738365,164.84086164738366,1.6394086164738364,163.94086164738363,-0.04817450725125645,-4.817450725125645
2026-06-14 03:00:00,1018.266875,-1.4593963623046875,-1.709259033203125,2.247532910747835,-0.025603277812500255,-0.0010225482549052684,-0.026625826067405524,-0.04601963913287136,-2.5603277812500256,-0.10225482549052684,-2.6625826067405525,-4.601963913287136,-0.114055799605626,-11.4055799605626,forecast,-0.16007543873849736,-16.007543873849738,1.6430754387384974,164.30754387384974,1.6340754387384973,163.40754387384973,-0.04601963913287136,-4.601963913287136
2026-06-14 04:00:00,1018.3137037037037,-1.6857755233439742,-1.6886682576358718,2.3860929570015963,-0.026036607222222275,-0.00099806016952144,-0.027034667391743716,-0.044121141958758596,-2.6036607222222274,-0.09980601695214399,-2.7034667391743716,-4.412114195875859,-0.108049864978641,-10.8049864978641,forecast,-0.1521710069373996,-15.21710069373996,1.6351710069373997,163.51710069373996,1.6261710069373996,162.61710069373996,-0.044121141958758596,-4.412114195875859
2026-06-14 05:00:00,1018.4006712962963,-1.9400116494758066,-1.6315242051588963,2.5348602391692543,-0.0268413618402779,-0.0009316549312067789,-0.02777301677148468,-0.0424863294400312,-2.68413618402779,-0.09316549312067789,-2.777301677148468,-4.24863294400312,-0.10437915423898,-10.437915423898,forecast,-0.1468654836790112,-14.68654836790112,1.6298654836790112,162.98654836790112,1.6208654836790113,162.08654836790112,-0.0424863294400312,-4.24863294400312
2026-06-14 06:00:00,1018.4475,-2.060638427734375,-1.544769287109375,2.575372377007256,-0.02727469124999992,-0.0008352092526387423,-0.028109900502638663,-0.04104868654629195,-2.727469124999992,-0.08352092526387424,-2.8109900502638663,-4.104868654629195,-0.107881747475615,-10.7881747475615,forecast,-0.14893043402190695,-14.893043402190695,1.631930434021907,163.1930434021907,1.6229304340219068,162.29304340219068,-0.04104868654629195,-4.104868654629195
2026-06-14 07:00:00,1018.4042831536203,-1.922144309511807,-1.2593877166081038,2.2979765375938883,-0.026874784162025697,-0.0005551200972601807,-0.02742990425928588,-0.03968680831759134,-2.6874784162025698,-0.055512009726018066,-2.7429904259285878,-3.968680831759134,-0.120367459840572,-12.0367459840572,forecast,-0.16005426815816334,-16.005426815816335,1.6430542681581635,164.30542681581636,1.6340542681581633,163.40542681581633,-0.03968680831759134,-3.968680831759134
2026-06-14 08:00:00,1018.2992607516852,-1.5782431546138913,-0.6918019617661835,1.7232067227669312,-0.025902959365719097,-0.000167506484006239,-0.026070465849725336,-0.038325174070804734,-2.5902959365719096,-0.0167506484006239,-2.6070465849725335,-3.8325174070804735,-0.139086231842341,-13.9086231842341,forecast,-0.17741140591314575,-17.741140591314576,1.6604114059131458,166.0411405913146,1.6514114059131457,165.14114059131458,-0.038325174070804734,-3.8325174070804735
2026-06-14 09:00:00,1018.169375,-1.1363067626953125,0.02288818359375,1.1365372531929265,-0.024701061562499498,1.8335413187742233e-07,-0.02470087820836762,-0.03696274448456102,-2.47010615624995,1.8335413187742233e-05,-2.470087820836762,-3.6962744484561023,-0.158784334883907,-15.8784334883907,forecast,-0.19574707936846802,-19.574707936846803,1.6787470793684682,167.87470793684682,1.669747079368468,166.97470793684678,-0.03696274448456102,-3.6962744484561023
2026-06-14 10:00:00,1018.0171994399286,-0.2567635592532961,1.3537543403149603,1.3778890881642158,-0.02329290501737947,0.0006414277848725576,-0.02265147723250691,-0.035531617759355615,-2.329290501737947,0.06414277848725576,-2.265147723250691,-3.5531617759355614,-0.175020123458856,-17.5020123458856,forecast,-0.21055174121821163,-21.055174121821164,1.6935517412182117,169.35517412182116,1.6845517412182116,168.45517412182116,-0.035531617759355615,-3.5531617759355614
2026-06-14 11:00:00,1017.8066927851629,0.8998359599024319,3.046762932690032,3.1768646686233732,-0.02134498168750498,0.0032489675288048876,-0.018096014158700092,-0.03378805739929006,-2.134498168750498,0.32489675288048875,-1.8096014158700091,-3.3788057399290063,-0.185203708951555,-18.520370895155498,forecast,-0.21899176635084505,-21.899176635084505,1.701991766350845,170.1991766350845,1.6929917663508451,169.2991766350845,-0.03378805739929006,-3.3788057399290063
2026-06-14 12:00:00,1017.516875,1.4759368896484375,3.8821563720703125,4.153255084801707,-0.018663152812500253,0.005274898334022145,-0.013388254478478108,-0.031748077107208866,-1.8663152812500254,0.5274898334022146,-1.3388254478478108,-3.1748077107208865,-0.187099783839321,-18.7099783839321,forecast,-0.21884786094652986,-21.884786094652988,1.70184786094653,170.184786094653,1.6928478609465298,169.284786094653,-0.031748077107208866,-3.1748077107208865
2026-06-14 13:00:00,1016.8368169556982,1.4000888400607638,3.6575480216354763,3.9163639119254845,-0.012370235699553003,0.004682180135699356,-0.007688055563853647,-0.029342074952873345,-1.2370235699553003,0.46821801356993553,-0.7688055563853647,-2.9342074952873345,-0.177606428227378,-17.7606428227378,forecast,-0.20694850318025132,-20.694850318025132,1.6899485031802515,168.99485031802516,1.6809485031802514,168.09485031802512,-0.029342074952873345,-2.9342074952873345
2026-06-14 14:00:00,1015.8859311529045,1.2592281765407987,3.1739268131277236,3.414596171684929,-0.003571213923401832,0.0035258339952818876,-4.537992811994452e-05,-0.026412405450398007,-0.3571213923401832,0.3525833995281888,-0.004537992811994452,-2.6412405450398007,-0.154891836353647,-15.4891836353647,forecast,-0.181304241804045,-18.1304241804045,1.664304241804045,166.43042418040451,1.655304241804045,165.53042418040448,-0.026412405450398007,-2.6412405450398007
2026-06-14 15:00:00,1015.28875,1.183380126953125,2.7165985107421875,2.9631564240576744,0.0019548018749995376,0.0025829676139983346,0.004537769488997872,-0.023317387956458418,0.19548018749995377,0.2582967613998335,0.4537769488997872,-2.3317387956458417,-0.121918677404699,-12.1918677404699,forecast,-0.1452360653611574,-14.523606536115741,1.6282360653611576,162.82360653611576,1.6192360653611573,161.92360653611573,-0.023317387956458418,-2.3317387956458417
2026-06-14 16:00:00,1015.0982105073335,1.2479417588975694,2.4192774882761694,2.722179677919922,0.00371795907038915,0.0020485162478479477,0.005766475318237098,-0.020409001628988867,0.371795907038915,0.20485162478479477,0.5766475318237099,-2.0409001628988865,-0.085794589025521,-8.579458902552101,forecast,-0.10620359065450988,-10.620359065450987,1.58920359065451,158.92035906545098,1.5802035906545098,158.02035906545098,-0.020409001628988867,-2.0409001628988865
2026-06-14 17:00:00,1014.9666052536667,1.3678419325086806,2.1434032244014762,2.5426696471826076,0.004935768285195459,0.0016079620838311257,0.006543730369026585,-0.017713728429187323,0.49357682851954593,0.16079620838311257,0.6543730369026585,-1.7713728429187323,-0.053800487159149,-5.3800487159149,forecast,-0.07151421558833632,-7.151421558833632,1.5545142155883365,155.45142155883366,1.5455142155883363,154.55142155883362,-0.017713728429187323,-1.7713728429187323
2026-06-14 18:00:00,1014.9175,1.432403564453125,1.765869140625,2.2737796272439628,0.005390163749999832,0.0010914028376340867,0.006481566587633918,-0.0152941989275052,0.5390163749999832,0.10914028376340866,0.6481566587633918,-1.52941989275052,-0.0315386310087191,-3.15386310087191,forecast,-0.0468328299362243,-4.68328299362243,1.5298328299362245,152.98328299362245,1.5208328299362244,152.08328299362245,-0.0152941989275052,-1.52941989275052
2026-06-14 19:00:00,1014.9943055555556,0.8413053100532646,0.9321697706813393,1.2556811323325363,0.004679443541666532,0.0003041291684802353,0.004983572710146767,-0.013266421763740002,0.4679443541666532,0.030412916848023528,0.49835727101467675,-1.3266421763740002,-0.0222965722903251,-2.2296572290325103,forecast,-0.0355629940540651,-3.5562994054065102,1.5185629940540653,151.85629940540653,1.5095629940540651,150.95629940540653,-0.013266421763740002,-1.3266421763740002
2026-06-14 20:00:00,1015.1369444444445,-0.3019610487302764,-0.1917561725897049,0.35770225701907593,0.003359534583333259,-1.2869650404188444e-05,0.0033466649329290704,-0.011605113094073095,0.3359534583333259,-0.0012869650404188444,0.33466649329290704,-1.1605113094073094,-0.0250786029839475,-2.5078602983947498,forecast,-0.036683716078020595,-3.6683716078020594,1.5196837160780208,151.96837160780208,1.5106837160780207,151.06837160780208,-0.011605113094073095,-1.1605113094073094
2026-06-14 21:00:00,1015.21375,-1.0523529052734375,-0.9483489990234375,1.4166200835743508,0.0026488143749999584,-0.00031477803838206455,0.002334036336617894,-0.010211198151003995,0.2648814374999958,-0.031477803838206454,0.2334036336617894,-1.0211198151003995,-0.0353093385410753,-3.5309338541075297,forecast,-0.0455205366920793,-4.55205366920793,1.5285205366920793,152.85205366920792,1.5195205366920792,151.9520536692079,-0.010211198151003995,-1.0211198151003995
2026-06-14 22:00:00,1014.9035411123529,-1.2671324435657305,-1.2765600266006465,1.7986745483970974,0.005519332316842859,-0.0005703619255301251,0.004948970391312734,-0.008695181296772322,0.551933231684286,-0.05703619255301251,0.4948970391312734,-0.8695181296772322,-0.0495195543653825,-4.95195543653825,forecast,-0.05821473566215482,-5.821473566215482,1.5412147356621548,154.12147356621549,1.5322147356621547,153.22147356621548,-0.008695181296772322,-0.8695181296772322
2026-06-14 23:00:00,1014.2476377802611,-1.4156902113119452,-1.5155103396349587,2.0738732757680562,0.01158873380035364,-0.0008038700563391638,0.010784863744014475,-0.006747176792693642,1.1588733800353639,-0.08038700563391639,1.0784863744014475,-0.6747176792693642,-0.067323226110538,-6.7323226110537995,forecast,-0.07407040290323164,-7.407040290323163,1.5570704029032316,155.70704029032316,1.5480704029032317,154.8070402903232,-0.006747176792693642,-0.6747176792693642
2026-06-15 00:00:00,1013.658125,-1.4711761474609375,-1.6078948974609375,2.179377263839128,0.017043790312499623,-0.0009048641004483216,0.0161389262120513,-0.004458566492219148,1.7043790312499623,-0.09048641004483216,1.61389262120513,-0.4458566492219148,-0.0879440932384972,-8.79440932384972,forecast,-0.09240265973071635,-9.240265973071635,1.5754026597307165,157.54026597307166,1.5664026597307164,156.64026597307162,-0.004458566492219148,-0.4458566492219148
2026-06-15 01:00:00,1013.1985659234426,-1.4258208098234952,-1.585075069085063,2.132000927851755,0.021296320227423633,-0.0008793620411222561,0.020416958186301376,-0.001971014024367096,2.129632022742363,-0.08793620411222561,2.0416958186301377,-0.19710140243670962,-0.107270869040745,-10.727086904074499,forecast,-0.1092418830651121,-10.92418830651121,1.5922418830651122,159.22418830651122,1.583241883065112,158.32418830651122,-0.001971014024367096,-0.19710140243670962
2026-06-15 02:00:00,1012.7840051839435,-1.341589468496817,-1.524399880466133,2.030679023761937,0.025132458030379164,-0.0008133282484478062,0.02431912978193136,0.0006580003562627489,2.5132458030379166,-0.08133282484478062,2.431912978193136,0.06580003562627489,-0.119949123788546,-11.9949123788546,forecast,-0.11929112343228325,-11.929112343228326,1.6022911234322834,160.22911234322834,1.5932911234322833,159.32911234322833,0.0006580003562627489,0.06580003562627489
2026-06-15 03:00:00,1012.60375,-1.296234130859375,-1.4375457763671875,1.9356551297056765,0.026800449375000087,-0.000723288250702899,0.02607716112429719,0.003199916433066192,2.680044937500009,-0.0723288250702899,2.607716112429719,0.3199916433066192,-0.123606007472722,-12.360600747272201,forecast,-0.12040609103965581,-12.040609103965581,1.603406091039656,160.3406091039656,1.5944060910396558,159.44060910396558,0.003199916433066192,0.3199916433066192
2026-06-15 04:00:00,1012.7252871504256,-1.4135013156467013,-1.255647271272749,1.8906707908014173,0.025675805353536446,-0.0005518275244491453,0.0251239778290873,0.005392322572668302,2.5675805353536445,-0.05518275244491453,2.5123977829087303,0.5392322572668302,-0.120258166142065,-12.0258166142065,forecast,-0.11486584356939669,-11.48658435693967,1.5978658435693969,159.7865843569397,1.5888658435693968,158.88658435693966,0.005392322572668302,0.5392322572668302
2026-06-15 05:00:00,1012.9889076341844,-1.6312832302517362,-0.9301821304430485,1.8778508388836712,0.02323639320707426,-0.000302833578528449,0.022933559628545812,0.007146446278256053,2.323639320707426,-0.030283357852844903,2.293355962854581,0.7146446278256052,-0.114652507997787,-11.465250799778701,forecast,-0.10750606171953095,-10.750606171953095,1.590506061719531,159.0506061719531,1.581506061719531,158.1506061719531,0.007146446278256053,0.7146446278256052
2026-06-15 06:00:00,1013.243125,-1.7485504150390625,-0.5033416748046875,1.8195552741064134,0.02088399281250034,-8.867349455831572e-05,0.020795319317942023,0.00851133358222465,2.088399281250034,-0.008867349455831572,2.0795319317942025,0.8511333582224649,-0.112449777666976,-11.2449777666976,forecast,-0.10393844408475135,-10.393844408475134,1.5869384440847514,158.69384440847514,1.5779384440847513,157.79384440847514,0.00851133358222465,0.8511333582224649
2026-06-15 07:00:00,1013.4419450092621,-1.175353112532866,0.29014915213433273,1.2106368033497776,0.01904421185679317,2.9465285669495258e-05,0.019073677142462664,0.00956756793824845,1.904421185679317,0.002946528566949526,1.9073677142462664,0.956756793824845,-0.118305927935816,-11.8305927935816,forecast,-0.10873835999756755,-10.873835999756755,1.5917383599975676,159.17383599975676,1.5827383599975675,158.27383599975676,0.00956756793824845,0.956756793824845
2026-06-15 08:00:00,1013.6325292475786,-0.047302158767989155,1.3785082894817067,1.3793196143004323,0.017280640607531008,0.0006650997864594232,0.017945740393990432,0.01040538518382265,1.7280640607531008,0.06650997864594232,1.7945740393990433,1.0405385183822649,-0.132907761390848,-13.2907761390848,forecast,-0.12250237620702535,-12.250237620702535,1.6055023762070255,160.55023762070255,1.5965023762070254,159.65023762070254,0.01040538518382265,1.0405385183822649
2026-06-15 09:00:00,1013.803125,0.748291015625,2.213958740234375,2.3369965227884433,0.01570203281249979,0.0017155646562110633,0.017417597468710855,0.01110660641231147,1.570203281249979,0.17155646562110632,1.7417597468710855,1.110660641231147,-0.152029675310252,-15.2029675310252,forecast,-0.1409230688979405,-14.09230688979405,1.6239230688979407,162.39230688979407,1.6149230688979406,161.49230688979407,0.01110660641231147,1.110660641231147
2026-06-15 10:00:00,1013.9535030464402,1.0588016343177575,2.713451116308101,2.91270971115002,0.01431050955976531,0.002576985936207788,0.0168874954959731,0.011684695320677632,1.431050955976531,0.2576985936207788,1.68874954959731,1.1684695320677632,-0.169882587337414,-16.9882587337414,forecast,-0.15819789201673634,-15.819789201673634,1.6411978920167365,164.11978920167365,1.6321978920167364,163.21978920167365,0.011684695320677632,1.1684695320677632
2026-06-15 11:00:00,1014.0894251343312,1.2859849846393476,3.109349222162297,3.364789735790209,0.013052754519465908,0.003383818404876448,0.016436572924342356,0.012159883081044104,1.3052754519465908,0.3383818404876448,1.6436572924342356,1.2159883081044103,-0.182932364253796,-18.2932364253796,forecast,-0.1707724811727519,-17.07724811727519,1.6537724811727519,165.3772481172752,1.644772481172752,164.4772481172752,0.012159883081044104,1.2159883081044103
2026-06-15 12:00:00,1014.208125,1.3740997314453125,3.3269958496093746,3.599590456604207,0.011954365312500043,0.003874115484161301,0.015828480796661343,0.012526742852605828,1.1954365312500044,0.38741154841613007,1.5828480796661344,1.2526742852605828,-0.189773548918454,-18.9773548918454,forecast,-0.17724680606584817,-17.724680606584815,1.6602468060658482,166.0246806065848,1.651246806065848,165.1246806065848,0.012526742852605828,1.2526742852605828
