time,msl_hPa,u10,v10,wind_speed,eta_IB,eta_wind,eta_inst,eta_met,eta_IB_cm,eta_wind_cm,eta_inst_cm,eta_met_cm,astro_m,astro_cm,fuente,total_m,total_cm,galibo_entrada_m,galibo_entrada_cm,galibo_salida_m,galibo_salida_cm,residuo_m,residuo_cm
2026-10-10 12:00:00,1019.12125,2.1123504638671875,-0.2900238037109375,2.132167509582416,-0.0335092368750003,-2.9439832351636143e-05,-0.03353867670735194,-0.03353867670735194,-3.35092368750003,-0.002943983235163614,-3.3538676707351938,-3.3538676707351938,-0.0896305118975622,-8.96305118975622,historico,-0.12316918860491413,-12.316918860491413,1.6061691886049143,160.61691886049144,1.5971691886049142,159.71691886049143,-0.03353867670735194,-3.3538676707351938
2026-10-10 13:00:00,1018.3789120370371,3.515361079463252,-0.1164516872829861,3.5172893703072106,-0.026640012534723173,-4.746348414869036e-06,-0.026644758883138043,-0.03284928492493055,-2.664001253472317,-0.0004746348414869036,-2.664475888313804,-3.2849284924930546,-0.0923296065847194,-9.23296065847194,historico,-0.12517889150964995,-12.517889150964995,1.60817889150965,160.817889150965,1.5991788915096499,159.91788915096498,-0.03284928492493055,-3.2849284924930546
2026-10-10 14:00:00,1017.8299768518518,4.452748051396123,-0.04422166612413193,4.4529676357421195,-0.021560440798610865,-6.84444514177969e-07,-0.02156112524312504,-0.03172046895675,-2.1560440798610867,-6.84444514177969e-05,-2.1561125243125043,-3.172046895675,-0.0856222622419727,-8.56222622419727,historico,-0.1173427311987227,-11.73427311987227,1.6003427311987228,160.0342731198723,1.5913427311987227,159.13427311987226,-0.03172046895675,-3.172046895675
2026-10-10 15:00:00,1017.615625,4.7941741943359375,-0.029815673828125,4.794266907467967,-0.019576935937500213,-3.1114104203879833e-07,-0.01957724707854225,-0.030506146768929224,-1.9576935937500213,-3.111410420387983e-05,-1.9577247078542253,-3.0506146768929225,-0.0698800591311999,-6.9880059131199905,historico,-0.10038620590012913,-10.038620590012913,1.5833862059001291,158.3386205900129,1.574386205900129,157.4386205900129,-0.030506146768929224,-3.0506146768929225
2026-10-10 16:00:00,1017.6585186372271,4.493561308671919,-0.19881919578269674,4.497957570654148,-0.019973852209580745,-1.3835175414087404e-05,-0.01998768738499483,-0.029454300830535785,-1.9973852209580745,-0.0013835175414087404,-1.9987687384994832,-2.9454300830535787,-0.049074620219058,-4.9074620219058,historico,-0.07852892104959379,-7.852892104959379,1.561528921049594,156.1528921049594,1.5525289210495938,155.2528921049594,-0.029454300830535785,-2.9454300830535787
2026-10-10 17:00:00,1017.7536344966762,3.857661964674567,-0.5126828794126157,3.891580600288224,-0.02085400681499347,-9.199530719498373e-05,-0.020946002122188452,-0.028603470959701054,-2.085400681499347,-0.009199530719498373,-2.0946002122188454,-2.860347095970105,-0.0285509087117692,-2.85509087117692,historico,-0.05715437967147025,-5.715437967147025,1.5401543796714703,154.01543796714702,1.5311543796714702,153.11543796714702,-0.028603470959701054,-2.860347095970105
2026-10-10 18:00:00,1017.850625,3.2853851318359375,-0.6816864013671875,3.3553616517892055,-0.02175150843750034,-0.0001626437224331312,-0.021914152159933472,-0.027934539079724294,-2.175150843750034,-0.01626437224331312,-2.1914152159933473,-2.7934539079724297,-0.0146653682291807,-1.46653682291807,historico,-0.04259990730890499,-4.259990730890499,1.525599907308905,152.5599907308905,1.516599907308905,151.65999073089048,-0.027934539079724294,-2.7934539079724297
2026-10-10 19:00:00,1017.9521525403609,2.9129793869832956,-0.6277178637563132,2.979845402947671,-0.02269099353222945,-0.00013791040076757628,-0.022828903932997028,-0.027423975565051568,-2.2690993532229453,-0.013791040076757629,-2.2828903932997027,-2.7423975565051566,-0.0129043273077787,-1.29043273077787,historico,-0.04032830287283027,-4.032830287283027,1.5233283028728304,152.33283028728303,1.5143283028728303,151.43283028728302,-0.027423975565051568,-2.7423975565051566
2026-10-10 20:00:00,1018.055694325736,2.5839016789320013,-0.5180276193312028,2.6353179126582753,-0.02364911744319807,-9.392341503648374e-05,-0.023743040858234553,-0.02705588209436987,-2.364911744319807,-0.009392341503648373,-2.3743040858234554,-2.705588209436987,-0.0236593879254501,-2.36593879254501,historico,-0.05071527001981997,-5.071527001981997,1.53371527001982,153.371527001982,1.5247152700198199,152.471527001982,-0.02705588209436987,-2.705588209436987
2026-10-10 21:00:00,1018.103125,2.25787353515625,-0.430938720703125,2.298630262082231,-0.024088017187499793,-6.499786335043609e-05,-0.02415301505085023,-0.026765595390017903,-2.4088017187499795,-0.00649978633504361,-2.415301505085023,-2.6765595390017904,-0.0417482075710614,-4.17482075710614,historico,-0.06851380296107931,-6.851380296107931,1.5515138029610793,155.15138029610793,1.5425138029610792,154.25138029610793,-0.026765595390017903,-2.6765595390017904
2026-10-10 22:00:00,1018.0448716611157,1.9283370146113696,-0.3813683586780564,1.9656870216087516,-0.02354896991613446,-5.090463875027814e-05,-0.02359987455488474,-0.026449023306504588,-2.354896991613446,-0.005090463875027814,-2.359987455488474,-2.6449023306504587,-0.0611465932585651,-6.11465932585651,historico,-0.08759561656506969,-8.75956165650697,1.5705956165650699,157.059561656507,1.5615956165650697,156.15956165650698,-0.026449023306504588,-2.6449023306504587
2026-10-10 23:00:00,1017.8975905444538,1.6017696743655987,-0.34135539651567753,1.637739172288326,-0.022186104103103295,-4.0783227355631404e-05,-0.022226887330458925,-0.02602680970890002,-2.2186104103103297,-0.0040783227355631405,-2.2226887330458927,-2.602680970890002,-0.0787807187877998,-7.87807187877998,historico,-0.10480752849669982,-10.480752849669981,1.5878075284967,158.78075284967,1.5788075284966998,157.88075284967,-0.02602680970890002,-2.602680970890002
2026-10-11 00:00:00,1017.7025,1.2574462890625,-0.3249053955078125,1.2987435027391439,-0.020380833749999876,-3.6947230610530824e-05,-0.020417780980610405,-0.02546590683607106,-2.0380833749999874,-0.0036947230610530823,-2.0417780980610405,-2.546590683607106,-0.0934586913183289,-9.34586913183289,historico,-0.11892459815439996,-11.892459815439995,1.6019245981544001,160.19245981544,1.5929245981544,159.29245981544,-0.02546590683607106,-2.546590683607106
2026-10-11 01:00:00,1017.3006012200574,0.7930004639577305,-0.37951773184317134,0.8791378985236395,-0.01666186338980104,-5.041179807418486e-05,-0.016712275187875224,-0.024590543671251474,-1.6661863389801042,-0.005041179807418486,-1.6712275187875225,-2.4590543671251472,-0.102608770276868,-10.260877027686801,historico,-0.12719931394811948,-12.719931394811947,1.6101993139481197,161.01993139481198,1.6011993139481195,160.11993139481194,-0.024590543671251474,-2.4590543671251472
2026-10-11 02:00:00,1016.7399840901288,0.3077161201082055,-0.4809406421802663,0.5709580649007547,-0.011474192778006986,-8.095636545526843e-05,-0.011555149143462255,-0.023287004218472553,-1.1474192778006986,-0.008095636545526842,-1.1555149143462256,-2.3287004218472553,-0.102112290647437,-10.2112290647437,historico,-0.12539929486590956,-12.539929486590957,1.6083992948659096,160.83992948659096,1.5993992948659095,159.93992948659096,-0.023287004218472553,-2.3287004218472553
2026-10-11 03:00:00,1016.3725,0.083343505859375,-0.535552978515625,0.541999199967942,-0.008073678749999496,-0.00010038594747893512,-0.008174064697478431,-0.021775710266373142,-0.8073678749999496,-0.010038594747893512,-0.8174064697478431,-2.177571026637314,-0.0902950930203681,-9.02950930203681,historico,-0.11207080328674124,-11.207080328674124,1.5950708032867413,159.50708032867414,1.5860708032867412,158.60708032867413,-0.021775710266373142,-2.177571026637314
2026-10-11 04:00:00,1016.231949804311,0.08542233951367152,-0.4254715830417772,0.4339620306709619,-0.006773097514191315,-6.335912379162655e-05,-0.006836456637982942,-0.020281784903534123,-0.6773097514191315,-0.006335912379162655,-0.6836456637982942,-2.028178490353412,-0.0704283165607129,-7.042831656071289,historico,-0.09071010146424702,-9.071010146424701,1.5737101014642472,157.3710101464247,1.564710101464247,156.4710101464247,-0.020281784903534123,-2.028178490353412
2026-10-11 05:00:00,1016.1318776799332,0.09160748284678749,-0.160069278279735,0.18442913208742187,-0.0058470801112614455,-8.967760847148335e-06,-0.005856047872108594,-0.01883921120039157,-0.5847080111261446,-0.0008967760847148335,-0.5856047872108594,-1.883921120039157,-0.0484641849042503,-4.84641849042503,forecast,-0.06730339610464187,-6.730339610464187,1.550303396104642,155.03033961046418,1.5413033961046418,154.13033961046418,-0.01883921120039157,-1.883921120039157
2026-10-11 06:00:00,1016.09375,0.1018218994140625,0.16339111328125,0.19252105105565398,-0.0054942656250000005,9.343829564750195e-06,-0.00548492179543525,-0.017503782259895937,-0.5494265625,0.0009343829564750195,-0.548492179543525,-1.7503782259895937,-0.030563956381258,-3.0563956381258,forecast,-0.048067738641153934,-4.806773864115393,1.531067738641154,153.1067738641154,1.5220677386411539,152.20677386411538,-0.017503782259895937,-1.7503782259895937
2026-10-11 07:00:00,1016.2497916666666,0.4963733256139202,0.632750144347186,0.8042134191571336,-0.006938197187499608,0.00014013046080998465,-0.006798066726689624,-0.01643321070657531,-0.6938197187499608,0.014013046080998466,-0.6798066726689623,-1.643321070657531,-0.0224069933614914,-2.24069933614914,forecast,-0.03884020406806671,-3.8840204068066706,1.5218402040680667,152.18402040680667,1.5128402040680666,151.28402040680666,-0.01643321070657531,-1.643321070657531
2026-10-11 08:00:00,1016.5395833333332,1.3164439540570494,1.2294792841436935,1.8012895365020716,-0.009619784374998878,0.0005290667585484711,-0.009090717616450408,-0.01569896139756282,-0.9619784374998879,0.05290667585484711,-0.9090717616450408,-1.569896139756282,-0.0264504603158218,-2.64504603158218,forecast,-0.04214942171338462,-4.214942171338462,1.5251494217133847,152.51494217133848,1.5161494217133846,151.61494217133847,-0.01569896139756282,-1.569896139756282
2026-10-11 09:00:00,1016.695625,2.0532684326171875,1.6967620849609375,2.663627757278263,-0.011063715937499538,0.0010076505505363456,-0.010056065386963192,-0.015134671796502857,-1.1063715937499539,0.10076505505363456,-1.005606538696319,-1.5134671796502857,-0.0390437794979898,-3.90437794979898,forecast,-0.05417845129449266,-5.417845129449266,1.5371784512944928,153.71784512944927,1.5281784512944927,152.81784512944927,-0.015134671796502857,-1.5134671796502857
2026-10-11 10:00:00,1016.5391816144945,2.629845991223839,2.0162827584249943,3.31383253944402,-0.009616067069724947,0.0014228886566726663,-0.00819317841305228,-0.0144405224581578,-0.9616067069724947,0.14228886566726662,-0.819317841305228,-1.44405224581578,-0.0535592025148837,-5.35592025148837,forecast,-0.06799972497304149,-6.799972497304149,1.5509997249730416,155.09997249730415,1.5419997249730415,154.19997249730415,-0.0144405224581578,-1.44405224581578
2026-10-11 11:00:00,1016.1799604512113,3.149990744635357,2.2776310913978266,3.8871641436644357,-0.00629201403528364,0.001815661185975719,-0.004476352849307921,-0.013444105497272813,-0.629201403528364,0.1815661185975719,-0.44763528493079213,-1.3444105497272814,-0.0665261905123868,-6.65261905123868,forecast,-0.07997029600965962,-7.997029600965962,1.5629702960096596,156.29702960096597,1.5539702960096595,155.39702960096596,-0.013444105497272813,-1.3444105497272814
2026-10-11 12:00:00,1015.783125,3.37615966796875,2.3858489990234375,4.134093558418822,-0.002619897187500379,0.0019922964061493986,-0.0006276007813509803,-0.012162455025680629,-0.2619897187500379,0.19922964061493986,-0.06276007813509803,-1.216245502568063,-0.0780775149671197,-7.807751496711971,forecast,-0.09023996999280033,-9.023996999280033,1.5732399699928004,157.32399699928004,1.5642399699928002,156.42399699928004,-0.012162455025680629,-1.216245502568063
2026-10-11 13:00:00,1015.2785349191591,3.3548606903840072,2.3750603166285758,4.11047463920016,0.002049327125560878,0.0019743190276683407,0.004023646153229219,-0.010543844907789644,0.20493271255608783,0.19743190276683406,0.4023646153229219,-1.0543844907789643,-0.0870681568957639,-8.70681568957639,forecast,-0.09761200180355355,-9.761200180355354,1.5806120018035537,158.06120018035537,1.5716120018035535,157.16120018035537,-0.010543844907789644,-1.0543844907789643
2026-10-11 14:00:00,1014.7191980151351,3.29550629287739,2.344211412879548,4.0442167195477055,0.007225151166947034,0.0019233645018961543,0.009148515668843189,-0.00857460885012636,0.7225151166947035,0.19233645018961543,0.9148515668843189,-0.8574608850126361,-0.0894026953484973,-8.94026953484973,forecast,-0.09797730419862366,-9.797730419862367,1.5809773041986237,158.09773041986236,1.5719773041986236,157.19773041986235,-0.00857460885012636,-0.8574608850126361
2026-10-11 15:00:00,1014.455,3.2049102783203125,2.2955780029296875,3.942223770870679,0.009669907499999623,0.0018443874286371285,0.011514294928636752,-0.00656571847225005,0.9669907499999624,0.18443874286371284,1.1514294928636752,-0.656571847225005,-0.0821941953052291,-8.219419530522911,forecast,-0.08875991377747916,-8.875991377747916,1.5717599137774791,157.17599137774792,1.5627599137774792,156.2759913777479,-0.00656571847225005,-0.656571847225005
2026-10-11 16:00:00,1014.5644101922036,2.7389964140242227,1.8856317036859707,3.325313260128015,0.008657480286444159,0.0012444624226809796,0.009901942709125137,-0.004918952354112532,0.8657480286444159,0.12444624226809796,0.9901942709125138,-0.4918952354112532,-0.0670234579766968,-6.70234579766968,forecast,-0.07194241033080934,-7.194241033080933,1.5549424103308094,155.49424103308093,1.5459424103308093,154.59424103308092,-0.004918952354112532,-0.4918952354112532
2026-10-11 17:00:00,1014.8042370510739,1.9553522700772028,1.1799323129868353,2.2837781773470325,0.006438242447887952,0.0004872840921306621,0.006925526540018614,-0.0037345044646994174,0.6438242447887952,0.04872840921306621,0.6925526540018614,-0.37345044646994174,-0.0484537245397368,-4.84537245397368,forecast,-0.05218822900443622,-5.218822900443622,1.5351882290044363,153.51882290044364,1.5261882290044362,152.6188229004436,-0.0037345044646994174,-0.37345044646994174
2026-10-11 18:00:00,1015.041875,1.463287353515625,0.7943878173828125,1.6650110760487422,0.0042392596874999584,0.00022086820154218004,0.004460127889042139,-0.002915041229325262,0.42392596874999583,0.022086820154218003,0.44601278890421386,-0.2915041229325262,-0.0321987757337043,-3.2198775733704297,forecast,-0.03511381696302956,-3.511381696302956,1.5181138169630297,151.81138169630296,1.5091138169630296,150.91138169630295,-0.002915041229325262,-0.2915041229325262
2026-10-11 19:00:00,1015.2316578981029,1.3615792451473105,0.7818734490547338,1.5701032230884264,0.002483103639905121,0.00021396413161786087,0.002697067771522982,-0.0023538303292404378,0.2483103639905121,0.021396413161786088,0.2697067771522982,-0.23538303292404378,-0.0246648909509839,-2.46648909509839,forecast,-0.02701872128022434,-2.701872128022434,1.5100187212802245,151.00187212802246,1.5010187212802244,150.10187212802245,-0.0023538303292404378,-0.23538303292404378
2026-10-11 20:00:00,1015.4193241505941,1.300882648325846,0.7759423312478625,1.5147218114682426,0.0007465339724775584,0.00021073027549782863,0.0009572642479753871,-0.0020227208715188553,0.07465339724775584,0.021073027549782863,0.0957264247975387,-0.20227208715188552,-0.029877349752195,-2.9877349752195004,forecast,-0.031900070623713854,-3.1900070623713854,1.514900070623714,151.49000706237138,1.5059000706237138,150.59000706237137,-0.0020227208715188553,-0.20227208715188552
2026-10-11 21:00:00,1015.609375,1.21832275390625,0.763519287109375,1.437801110889026,-0.0010121015625000002,0.00020403659562580288,-0.0008080649668741973,-0.0019012552810543895,-0.10121015625000002,0.02040365956258029,-0.08080649668741972,-0.19012552810543895,-0.0455406928198057,-4.554069281980571,forecast,-0.047441948100860096,-4.744194810086009,1.5304419481008602,153.04419481008603,1.52144194810086,152.14419481008602,-0.0019012552810543895,-0.19012552810543895
2026-10-11 22:00:00,1015.8478397312765,1.0647712334999777,0.5219624896236232,1.185825712431281,-0.0032187349533671695,9.535569420093186e-05,-0.003123379259166238,-0.002023467678865574,-0.32187349533671694,0.009535569420093187,-0.3123379259166238,-0.20234676788655742,-0.064760777363512,-6.4760777363512005,forecast,-0.06678424504237758,-6.678424504237758,1.5497842450423778,154.97842450423778,1.5407842450423777,154.07842450423777,-0.002023467678865574,-0.20234676788655742
2026-10-11 23:00:00,1016.0887809767493,0.8600069744505177,0.044706727627473686,0.8611682109777917,-0.005448284768349303,6.995420233049917e-07,-0.0054475852263259975,-0.002365879433611616,-0.5448284768349303,6.995420233049917e-05,-0.5447585226325997,-0.23658794336116162,-0.0819423559102122,-8.19423559102122,forecast,-0.08430823534382383,-8.430823534382382,1.567308235343824,156.73082353438238,1.5583082353438238,155.83082353438238,-0.002365879433611616,-0.23658794336116162
2026-10-12 00:00:00,1016.19875,0.6445159912109375,-0.357208251953125,0.736884385904617,-0.0064658831250001695,-4.465920734219253e-05,-0.006510542332342362,-0.0027803457234846906,-0.6465883125000169,-0.004465920734219253,-0.6510542332342362,-0.27803457234846907,-0.0953416988148269,-9.53416988148269,forecast,-0.0981220445383116,-9.812204453831159,1.5811220445383116,158.11220445383117,1.5721220445383115,157.21220445383116,-0.0027803457234846906,-0.27803457234846907
2026-10-12 01:00:00,1016.0132175925926,0.428856024355756,-0.6136750506684261,0.7486752015654853,-0.0047490589930554595,-0.00013180897373451335,-0.004880867966789973,-0.0029903979478152188,-0.47490589930554594,-0.013180897373451335,-0.48808679667899735,-0.2990397947815219,-0.104351031055545,-10.4351031055545,forecast,-0.10734142900336022,-10.734142900336021,1.5903414290033604,159.03414290033604,1.5813414290033603,158.13414290033603,-0.0029903979478152188,-0.2990397947815219
2026-10-12 02:00:00,1015.6686574074074,0.20049884505874999,-0.8297972748114308,0.8536763462544631,-0.0015606713194444572,-0.00024099723104956702,-0.0018016685504940243,-0.002871525008083099,-0.15606713194444571,-0.024099723104956703,-0.1801668550494024,-0.2871525008083099,-0.106405924049846,-10.6405924049846,forecast,-0.1092774490579291,-10.92774490579291,1.5922774490579292,159.22774490579292,1.583277449057929,158.3277449057929,-0.002871525008083099,-0.2871525008083099
2026-10-12 03:00:00,1015.483125,-0.034698486328125,-0.9573516845703125,0.9579802883687525,0.0001561528125002525,-0.0003207827867823653,-0.00016462997428211282,-0.0026008355047030004,0.015615281250025249,-0.03207827867823653,-0.016462997428211282,-0.2600835504703,-0.0982809047994363,-9.82809047994363,forecast,-0.1008817403041393,-10.08817403041393,1.5838817403041394,158.38817403041395,1.5748817403041393,157.48817403041392,-0.0026008355047030004,-0.2600835504703
2026-10-12 04:00:00,1015.6608909042411,-0.3326935784982807,-1.0186231570193809,1.071577413531156,-0.0014888039823951504,-0.0003631575976056456,-0.001851961580000796,-0.00252594811223278,-0.14888039823951504,-0.03631575976056456,-0.1851961580000796,-0.252594811223278,-0.0802295365809464,-8.022953658094641,forecast,-0.08275548469317918,-8.275548469317918,1.5657554846931794,156.57554846931794,1.5567554846931793,155.67554846931793,-0.00252594811223278,-0.252594811223278
2026-10-12 05:00:00,1016.0640734751489,-0.6381782169292618,-1.0620171313525724,1.2390124389405293,-0.005219653902290497,-0.00039475813555022143,-0.0056144120378407185,-0.002834794504793574,-0.5219653902290498,-0.039475813555022145,-0.5614412037840718,-0.2834794504793574,-0.0568624171857194,-5.68624171857194,forecast,-0.05969721169051297,-5.969721169051297,1.542697211690513,154.2697211690513,1.533697211690513,153.3697211690513,-0.002834794504793574,-0.2834794504793574
2026-10-12 06:00:00,1016.4975,-0.7783966064453125,-1.0784912109375,1.330054348135825,-0.009230366249999497,-0.0004071001522243023,-0.0096374664022238,-0.0035150616945365965,-0.9230366249999498,-0.04071001522243023,-0.96374664022238,-0.35150616945365964,-0.0341925296925993,-3.41925296925993,forecast,-0.03770759138713589,-3.770759138713589,1.520707591387136,152.07075913871358,1.5117075913871358,151.17075913871358,-0.0035150616945365965,-0.35150616945365964
2026-10-12 07:00:00,1016.9693856374458,-0.7433056191522536,-0.8361434393378553,1.1187667740020941,-0.013596959996105074,-0.00024469754790170815,-0.013841657544006783,-0.004547721279483614,-1.3596959996105074,-0.024469754790170814,-1.3841657544006782,-0.4547721279483614,-0.0180496753291274,-1.80496753291274,forecast,-0.022597396608611015,-2.2597396608611016,1.5055973966086111,150.5597396608611,1.496597396608611,149.6597396608611,-0.004547721279483614,-0.4547721279483614
2026-10-12 08:00:00,1017.4808884320594,-0.6503329586821113,-0.3601463079291829,0.7433964758211129,-0.018330151106061413,-4.539687709025764e-05,-0.01837554798315167,-0.00593050394985042,-1.8330151106061412,-0.004539687709025764,-1.837554798315167,-0.593050394985042,-0.0133781790581845,-1.3378179058184498,forecast,-0.01930868300803492,-1.930868300803492,1.502308683008035,150.2308683008035,1.4933086830080349,149.3308683008035,-0.00593050394985042,-0.593050394985042
2026-10-12 09:00:00,1017.82625,-0.5179290771484375,-0.027069091796875,0.5186359654772698,-0.021525954374999625,-2.564575057476759e-07,-0.021526210832505374,-0.007490074638115915,-2.1525954374999623,-2.564575057476759e-05,-2.1526210832505375,-0.7490074638115916,-0.0208004559226287,-2.08004559226287,forecast,-0.02829053056074462,-2.829053056074462,1.5112905305607447,151.12905305607447,1.5022905305607446,150.22905305607446,-0.007490074638115915,-0.7490074638115916
2026-10-12 10:00:00,1017.988719401073,-0.09688881142784234,0.06973332084289624,0.11937410864872793,-0.023029364977829127,1.7019576125224075e-06,-0.023027663020216603,-0.009043833476325983,-2.3029364977829125,0.00017019576125224076,-2.30276630202166,-0.9043833476325983,-0.0349637807915709,-3.4963780791570898,forecast,-0.044007614267896886,-4.400761426789688,1.527007614267897,152.7007614267897,1.5180076142678969,151.80076142678968,-0.009043833476325983,-0.9043833476325983
2026-10-12 11:00:00,1018.1046911399304,0.5321228482465825,0.13210104806458772,0.5482749424566273,-0.02410250946334618,6.10774041491688e-06,-0.02409640172293126,-0.01054909030098651,-2.410250946334618,0.000610774041491688,-2.409640172293126,-1.054909030098651,-0.0495639002528341,-4.95639002528341,forecast,-0.06011299055382061,-6.011299055382061,1.5431129905538208,154.31129905538208,1.5341129905538207,153.41129905538207,-0.01054909030098651,-1.054909030098651
2026-10-12 12:00:00,1018.198125,0.8558502197265625,0.22625732421875,0.8852524924385324,-0.024967099687500046,1.7917331866919994e-05,-0.024949182355633127,-0.011989099506451172,-2.4967099687500047,0.0017917331866919993,-2.4949182355633126,-1.1989099506451173,-0.0626105987855866,-6.26105987855866,forecast,-0.07459969829203777,-7.459969829203778,1.557599698292038,155.75996982920378,1.5485996982920378,154.85996982920378,-0.011989099506451172,-1.1989099506451173
2026-10-12 13:00:00,1018.2660492678004,0.6084717503953457,0.5210448643273764,0.8010777875282212,-0.02559563689959138,9.502071272467693e-05,-0.025500616186866703,-0.013340251174492727,-2.5595636899591376,0.009502071272467693,-2.5500616186866703,-1.3340251174492728,-0.0744784479203968,-7.44784479203968,forecast,-0.08781869909488953,-8.781869909488952,1.5708186990948896,157.08186990948894,1.5618186990948895,156.18186990948894,-0.013340251174492727,-1.3340251174492728
2026-10-12 14:00:00,1018.3210947477218,0.10987257793912891,0.9300908118837403,0.9365580076714657,-0.026105000248043297,0.00030277412142269434,-0.025802226126620604,-0.014586448669705515,-2.6105000248043297,0.030277412142269432,-2.58022261266206,-1.4586448669705514,-0.0830728383522451,-8.30728383522451,forecast,-0.09765928702195062,-9.765928702195062,1.5806592870219507,158.06592870219507,1.5716592870219506,157.16592870219506,-0.014586448669705515,-1.4586448669705514
2026-10-12 15:00:00,1018.410625,-0.2746429443359375,1.1367950439453125,1.1695006279656877,-0.026933468437499837,0.00045230604017851874,-0.026481162397321317,-0.015775920042467095,-2.6933468437499837,0.04523060401785187,-2.648116239732132,-1.5775920042467095,-0.0842945168493004,-8.42945168493004,forecast,-0.10007043689176749,-10.007043689176749,1.5830704368917676,158.30704368917677,1.5740704368917675,157.40704368917676,-0.015775920042467095,-1.5775920042467095
2026-10-12 16:00:00,1018.7066427860498,-0.43283441516667936,0.9216185473760254,1.018197612362245,-0.02967266902071155,0.0002972832614036233,-0.029375385759307926,-0.017135866614151177,-2.967266902071155,0.029728326140362332,-2.937538575930793,-1.7135866614151178,-0.0766701922040773,-7.667019220407729,forecast,-0.09380605881822847,-9.380605881822847,1.5768060588182287,157.68060588182286,1.5678060588182285,156.78060588182285,-0.017135866614151177,-1.7135866614151178
2026-10-12 17:00:00,1019.2238702441873,-0.5481983219858629,0.43152953453069676,0.6976669258323743,-0.03445883330458728,6.517620871029793e-05,-0.03439365709587698,-0.018861645662323758,-3.445883330458728,0.0065176208710297934,-3.439365709587698,-1.8861645662323758,-0.0630036570992759,-6.30036570992759,forecast,-0.08186530276159966,-8.186530276159965,1.5648653027615997,156.48653027615998,1.5558653027615996,155.58653027615998,-0.018861645662323758,-1.8861645662323758
2026-10-12 18:00:00,1019.77375,-0.69903564453125,-0.100311279296875,0.7061962794290237,-0.039547145624999544,-3.521823463961482e-06,-0.03955066744846351,-0.02093054784093773,-3.9547145624999542,-0.0003521823463961482,-3.955066744846351,-2.093054784093773,-0.0481966359339813,-4.81966359339813,forecast,-0.06912718377491903,-6.9127183774919025,1.552127183774919,155.2127183774919,1.543127183774919,154.3127183774919,-0.02093054784093773,-2.093054784093773
2026-10-12 19:00:00,1020.3593548410321,-1.0282610540966934,-0.7470179966256042,1.2709668298797472,-0.04496604002149042,-0.0001953125605488859,-0.04516135258203931,-0.023353628315047885,-4.496604002149042,-0.01953125605488859,-4.5161352582039305,-2.3353628315047885,-0.0379424205045401,-3.79424205045401,forecast,-0.06129604881958799,-6.129604881958799,1.544296048819588,154.4296048819588,1.535296048819588,153.5296048819588,-0.023353628315047885,-2.3353628315047885
2026-10-12 20:00:00,1020.9855018288338,-1.435735107397739,-1.450429401687368,2.0408529461706872,-0.05076009117311335,-0.0007363109072477117,-0.05149640208036106,-0.026167905691579202,-5.076009117311335,-0.07363109072477117,-5.149640208036106,-2.6167905691579203,-0.0377491792417072,-3.77491792417072,forecast,-0.0639170849332864,-6.3917084933286406,1.5469170849332865,154.69170849332866,1.5379170849332864,153.79170849332863,-0.026167905691579202,-2.6167905691579203
2026-10-12 21:00:00,1021.46625,-1.6351776123046875,-1.7804718017578125,2.4174130099420683,-0.055208694374999506,-0.001109527942899149,-0.05631822231789865,-0.029182937354211146,-5.52086943749995,-0.1109527942899149,-5.631822231789865,-2.9182937354211145,-0.0491300981130395,-4.91300981130395,forecast,-0.07831303546725064,-7.8313035467250645,1.5613130354672506,156.13130354672506,1.5523130354672505,155.23130354672506,-0.029182937354211146,-2.9182937354211145
2026-10-12 22:00:00,1021.8114686499305,-1.6344218411715294,-1.6865897963830168,2.3485995606237005,-0.05840317515213166,-0.000995604799442157,-0.05939877995157382,-0.032204521613947414,-5.840317515213166,-0.0995604799442157,-5.9398779951573815,-3.2204521613947414,-0.0672303369158857,-6.7230336915885704,forecast,-0.09943485852983311,-9.943485852983311,1.5824348585298331,158.24348585298333,1.573434858529833,157.3434858529833,-0.032204521613947414,-3.2204521613947414
2026-10-12 23:00:00,1022.0923638942738,-1.632204617130385,-1.4855131024231514,2.206998207895195,-0.0610024392956629,-0.0007723622121147998,-0.0617748015077777,-0.03516154960333044,-6.1002439295662905,-0.07723622121147998,-6.17748015077777,-3.516154960333044,-0.084863315192024,-8.4863315192024,forecast,-0.12002486479535444,-12.002486479535444,1.6030248647953544,160.30248647953545,1.5940248647953543,159.40248647953544,-0.03516154960333044,-3.516154960333044
2026-10-13 00:00:00,1022.215,-1.62860107421875,-1.298095703125,2.082641090879092,-0.0621372525000003,-0.0005897683590650559,-0.06272702085906535,-0.037918096728903936,-6.213725250000031,-0.058976835906505584,-6.272702085906536,-3.7918096728903934,-0.0980943509687319,-9.80943509687319,forecast,-0.13601244769763582,-13.601244769763582,1.619012447697636,161.9012447697636,1.6100124476976359,161.0012447697636,-0.037918096728903936,-3.7918096728903934
2026-10-13 01:00:00,1022.2225731360612,-1.5665289364187414,-1.1389477536966401,1.9368053320578853,-0.062207330514542455,-0.00045402069497771786,-0.06266135120952017,-0.040392422176965564,-6.220733051454245,-0.045402069497771785,-6.266135120952017,-4.039242217696557,-0.10651826780438,-10.651826780438,forecast,-0.14691068998134557,-14.691068998134558,1.6299106899813456,162.99106899813455,1.6209106899813455,162.09106899813455,-0.040392422176965564,-4.039242217696557
2026-10-13 02:00:00,1022.2261831885176,-1.4519117752583206,-0.9903714666378166,1.7575219614741968,-0.06224073613494718,-0.00034329247467561894,-0.0625840286096228,-0.04261158282023129,-6.224073613494719,-0.03432924746756189,-6.2584028609622795,-4.261158282023128,-0.10961191132277,-10.961191132277,forecast,-0.1522234941430013,-15.22234941430013,1.6352234941430015,163.52234941430015,1.6262234941430012,162.62234941430012,-0.04261158282023129,-4.261158282023128
2026-10-13 03:00:00,1022.23375,-1.37933349609375,-0.9247589111328125,1.6606444342982492,-0.06231075562499988,-0.00029931266530184073,-0.06261006829030172,-0.04461143136723833,-6.2310755624999885,-0.029931266530184072,-6.261006829030172,-4.461143136723833,-0.104941502099646,-10.4941502099646,forecast,-0.14955293346688434,-14.955293346688434,1.6325529334668845,163.25529334668843,1.6235529334668843,162.35529334668843,-0.04461143136723833,-4.461143136723833
2026-10-13 04:00:00,1022.3488494064184,-1.3657564900197348,-1.0486167625144676,1.7218849858969527,-0.06337582798229237,-0.00038485899011921315,-0.06376068697241158,-0.046526356927755655,-6.337582798229237,-0.038485899011921315,-6.376068697241158,-4.652635692775566,-0.0906478874092279,-9.06478874092279,forecast,-0.13717424433698355,-13.717424433698355,1.6201742443369835,162.01742443369835,1.6111742443369836,161.11742443369837,-0.046526356927755655,-4.652635692775566
2026-10-13 05:00:00,1022.6170753871439,-1.3579413018196613,-1.27863848650897,1.865186574680835,-0.06585785709493634,-0.0005722207327136823,-0.06643007782765002,-0.04851672901774509,-6.585785709493634,-0.05722207327136823,-6.643007782765002,-4.851672901774509,-0.068662412813629,-6.866241281362901,forecast,-0.1171791418313741,-11.71791418313741,1.6001791418313742,160.01791418313744,1.591179141831374,159.1179141831374,-0.04851672901774509,-4.851672901774509
2026-10-13 06:00:00,1022.959375,-1.3451690673828125,-1.402496337890625,1.9433156711250388,-0.06902532656250022,-0.000688448592228815,-0.06971377515472904,-0.05063643363144348,-6.902532656250022,-0.0688448592228815,-6.971377515472904,-5.063643363144348,-0.0440501832596169,-4.40501832596169,forecast,-0.09468661689106038,-9.468661689106037,1.5776866168910604,157.76866168910604,1.5686866168910603,156.86866168910603,-0.05063643363144348,-5.063643363144348
2026-10-13 07:00:00,1023.6240814954944,-1.3168858649260193,-1.3232303094908626,1.8668494404202054,-0.07517618811855699,-0.0006128284581843495,-0.07578901657674134,-0.053151691925973264,-7.517618811855699,-0.06128284581843495,-7.578901657674134,-5.315169192597327,-0.0223731509410714,-2.23731509410714,forecast,-0.07552484286704467,-7.552484286704467,1.5585248428670448,155.85248428670448,1.5495248428670447,154.95248428670448,-0.053151691925973264,-5.315169192597327
2026-10-13 08:00:00,1024.488742136636,-1.2649952555810016,-1.1309305625581143,1.6968255461214792,-0.08317732536136024,-0.0004476513780648045,-0.08362497673942505,-0.05619902040731844,-8.317732536136024,-0.04476513780648045,-8.362497673942505,-5.619902040731843,-0.0090198638865581,-0.90198638865581,forecast,-0.06521888429387654,-6.521888429387654,1.5482188842938767,154.82188842938766,1.5392188842938765,153.92188842938765,-0.05619902040731844,-5.619902040731843
2026-10-13 09:00:00,1024.918125,-1.182464599609375,-0.8938446044921875,1.4822890090360767,-0.08715061968749925,-0.0002796353619429283,-0.08743025504944218,-0.059322143871530814,-8.715061968749925,-0.02796353619429283,-8.74302550494422,-5.932214387153081,-0.0078445090926407,-0.78445090926407,forecast,-0.06716665296417151,-6.716665296417151,1.5501666529641716,155.01666529641716,1.5411666529641714,154.11666529641715,-0.059322143871530814,-5.932214387153081
2026-10-13 10:00:00,1024.915449658096,-0.7881715630076288,-0.572009817540485,0.9738632573911943,-0.08712586341119037,-0.00011451833097694461,-0.08724038174216732,-0.06211396765859446,-8.712586341119037,-0.011451833097694462,-8.724038174216732,-6.211396765859447,-0.0174753862230371,-1.7475386223037102,forecast,-0.07958935388163156,-7.958935388163156,1.5625893538816316,156.25893538816317,1.5535893538816314,155.35893538816313,-0.06211396765859446,-6.211396765859447
2026-10-13 11:00:00,1024.907635427303,-0.022873336487352347,-0.14660851277230802,0.14838209305496283,-0.0870535544265476,-7.522919606057801e-06,-0.08706107734615365,-0.06460867862735038,-8.70535544265476,-0.0007522919606057801,-8.706107734615365,-6.460867862735038,-0.0316701473307009,-3.16701473307009,forecast,-0.09627882595805129,-9.62788259580513,1.5792788259580515,157.92788259580516,1.5702788259580513,157.02788259580512,-0.06460867862735038,-6.460867862735038
2026-10-13 12:00:00,1024.895,0.7876434326171875,0.2823944091796875,0.836736983335224,-0.08693663249999985,2.7911310817580672e-05,-0.08690872118918226,-0.06683868288353356,-8.693663249999984,0.0027911310817580674,-8.690872118918227,-6.683868288353356,-0.0454314908210072,-4.54314908210072,forecast,-0.11227017370454076,-11.227017370454076,1.595270173704541,159.5270173704541,1.5862701737045408,158.62701737045407,-0.06683868288353356,-6.683868288353356
2026-10-13 13:00:00,1024.7003969801046,1.738088516417576,0.7725251603346405,1.902037542808425,-0.08513587345539832,0.0002088782931725217,-0.0849269951622258,-0.06864751411140278,-8.513587345539833,0.02088782931725217,-8.49269951622258,-6.864751411140278,-0.0581104627425718,-5.81104627425718,forecast,-0.12675797685397458,-12.675797685397457,1.6097579768539747,160.97579768539748,1.6007579768539746,160.07579768539745,-0.06864751411140278,-6.864751411140278
2026-10-13 14:00:00,1024.3546429344967,2.744168871652798,1.2663581680036917,3.022271630052113,-0.08193643839436544,0.0005612820533843833,-0.08137515634098107,-0.06992027833436061,-8.193643839436545,0.056128205338438326,-8.137515634098106,-6.992027833436061,-0.0695779247352054,-6.95779247352054,forecast,-0.139498203069566,-13.949820306956601,1.622498203069566,162.2498203069566,1.613498203069566,161.3498203069566,-0.06992027833436061,-6.992027833436061
2026-10-13 15:00:00,1024.17,3.2115936279296875,1.4915008544921875,3.541032113651258,-0.08022784500000069,0.0007786011796328239,-0.07944924382036786,-0.07087317488296134,-8.022784500000068,0.07786011796328239,-7.944924382036786,-7.087317488296134,-0.07688297548065,-7.688297548065,forecast,-0.14775615036361134,-14.775615036361135,1.6307561503636114,163.07561503636114,1.6217561503636113,162.17561503636114,-0.07087317488296134,-7.087317488296134
2026-10-13 16:00:00,1024.3498445104349,1.99447772927765,1.0495626065446728,2.253779731393771,-0.08189203617730915,0.0003855535827698967,-0.08150648259453926,-0.07193650565411913,-8.189203617730916,0.03855535827698967,-8.150648259453925,-7.193650565411913,-0.0767685963064744,-7.6768596306474395,forecast,-0.14870510196059353,-14.870510196059353,1.6317051019605937,163.17051019605938,1.6227051019605936,162.27051019605935,-0.07193650565411913,-7.193650565411913
2026-10-13 17:00:00,1024.754411243092,-0.2857892110410538,0.1543264256544501,0.32479550305191496,-0.085635694437951,8.335825979347479e-06,-0.08562735861197164,-0.07330559094990438,-8.5635694437951,0.0008335825979347479,-8.562735861197163,-7.330559094990438,-0.0695350430992057,-6.953504309920571,forecast,-0.14284063404911007,-14.284063404911008,1.6258406340491103,162.58406340491103,1.61684063404911,161.684063404911,-0.07330559094990438,-7.330559094990438
2026-10-13 18:00:00,1025.18125,-1.5725860595703125,-0.54833984375,1.6654439345107528,-0.08958544687500085,-0.00010523680448532105,-0.08969068367948617,-0.07494410022286256,-8.958544687500085,-0.010523680448532104,-8.969068367948617,-7.494410022286256,-0.0588279088422586,-5.8827908842258605,forecast,-0.13377200906512116,-13.377200906512115,1.6167720090651212,161.67720090651213,1.607772009065121,160.77720090651212,-0.07494410022286256,-7.494410022286256
2026-10-13 19:00:00,1025.6294855404153,-1.661064426654258,-0.9313927003203419,1.9043706025105138,-0.09373319444823315,-0.0003036223267735064,-0.09403681677500665,-0.07685337187807698,-9.373319444823315,-0.03036223267735064,-9.403681677500666,-7.685337187807698,-0.0493738510000753,-4.93738510000753,forecast,-0.12622722287815227,-12.622722287815227,1.6092272228781523,160.92272228781525,1.6002272228781522,160.0227222878152,-0.07685337187807698,-7.685337187807698
2026-10-13 20:00:00,1026.1048935010238,-1.715882758574525,-1.2367077155552766,2.1151121991249715,-0.09813238201172331,-0.0005353060907998828,-0.09866768810252319,-0.0790348035005216,-9.81323820117233,-0.05353060907998829,-9.866768810252319,-7.90348035005216,-0.0461707857265448,-4.6170785726544805,forecast,-0.1252055892270664,-12.52055892270664,1.6082055892270666,160.82055892270665,1.5992055892270665,159.92055892270665,-0.0790348035005216,-7.90348035005216
2026-10-13 21:00:00,1026.415,-1.73468017578125,-1.371795654296875,2.2115466600088407,-0.10100195249999967,-0.0006586381610017269,-0.1016605906610014,-0.08129738221656957,-10.100195249999967,-0.0658638161001727,-10.16605906610014,-8.129738221656957,-0.0528559854216175,-5.2855985421617495,forecast,-0.13415336763818708,-13.415336763818708,1.617153367638187,161.7153367638187,1.6081533676381872,160.81533676381872,-0.08129738221656957,-8.129738221656957
2026-10-13 22:00:00,1026.5668129144674,-1.6045441804108798,-1.3880185556306002,2.1215931602607694,-0.10240675330402402,-0.0006743084287712002,-0.10308106173279522,-0.08347575016819213,-10.240675330402402,-0.06743084287712002,-10.308106173279521,-8.347575016819214,-0.0681238332878198,-6.812383328781981,forecast,-0.15159958345601193,-15.159958345601193,1.634599583456012,163.4599583456012,1.625599583456012,162.5599583456012,-0.08347575016819213,-8.347575016819214
2026-10-13 23:00:00,1026.6776772905669,-1.3628630461516202,-1.3980904952632165,1.9524478777962344,-0.10343263680826048,-0.000684129961530871,-0.10411676676979136,-0.08553985182835205,-10.343263680826048,-0.0684129961530871,-10.411676676979136,-8.553985182835206,-0.0857278381529004,-8.57278381529004,forecast,-0.17126768998125247,-17.126768998125247,1.6542676899812525,165.42676899812525,1.6452676899812524,164.52676899812525,-0.08553985182835205,-8.553985182835206
2026-10-14 00:00:00,1026.720625,-1.23272705078125,-1.40155029296875,1.866536687410303,-0.10383005343749935,-0.0006875201283022762,-0.10451757356580163,-0.08743762400209701,-10.383005343749934,-0.06875201283022762,-10.451757356580163,-8.7437624002097,-0.0997901483868275,-9.97901483868275,forecast,-0.18722777238892452,-18.72277723889245,1.6702277723889245,167.02277723889244,1.6612277723889246,166.12277723889247,-0.08743762400209701,-8.7437624002097
2026-10-14 01:00:00,1026.6438194444445,-1.282766271520544,-1.3774583604600694,1.8822541916946447,-0.1031193332291671,-0.0006640870371804699,-0.10378342026634757,-0.08907220362852206,-10.31193332291671,-0.066408703718047,-10.378342026634757,-8.907220362852206,-0.108460228213211,-10.8460228213211,forecast,-0.19753243184173305,-19.753243184173304,1.6805324318417332,168.0532431841733,1.671532431841733,167.1532431841733,-0.08907220362852206,-8.907220362852206
2026-10-14 02:00:00,1026.5011805555557,-1.3756962528935184,-1.3327162000868056,1.9153779392587462,-0.10179942427083487,-0.0006216463644908351,-0.1024210706353257,-0.09040709032920242,-10.179942427083487,-0.06216463644908351,-10.24210706353257,-9.040709032920242,-0.11202271904486,-11.202271904486,forecast,-0.2024298093740624,-20.24298093740624,1.6854298093740625,168.54298093740624,1.6764298093740624,167.64298093740624,-0.09040709032920242,-9.040709032920242
2026-10-14 03:00:00,1026.424375,-1.4257354736328125,-1.308624267578125,1.935256860075521,-0.10108870406250052,-0.0005993741157930344,-0.10168807817829355,-0.09153518911411153,-10.108870406250052,-0.05993741157930344,-10.168807817829355,-9.153518911411153,-0.109701637848153,-10.9701637848153,forecast,-0.20123682696226453,-20.123682696226453,1.6842368269622647,168.42368269622648,1.6752368269622644,167.52368269622644,-0.09153518911411153,-9.153518911411153
2026-10-14 04:00:00,1026.5153206385419,-1.279613353587963,-1.3373492133954163,1.8509222709908626,-0.1019302695287473,-0.0006259760214992686,-0.10255624555024657,-0.09263729475772503,-10.19302695287473,-0.06259760214992686,-10.255624555024658,-9.263729475772504,-0.0995770268710218,-9.957702687102179,forecast,-0.19221432162874683,-19.22143216287468,1.675214321628747,167.5214321628747,1.6662143216287468,166.62143216287467,-0.09263729475772503,-9.263729475772504
2026-10-14 05:00:00,1026.7327940548619,-1.0082437020760995,-1.4135357748811106,1.7362715080438487,-0.10394265978666432,-0.0006993291854040597,-0.10464198897206839,-0.09383776417915936,-10.394265978666432,-0.06993291854040597,-10.464198897206838,-9.383776417915936,-0.081249942940924,-8.1249942940924,forecast,-0.17508770712008337,-17.508770712008335,1.6580877071200835,165.80877071200834,1.6490877071200833,164.90877071200833,-0.09383776417915936,-9.383776417915936
2026-10-14 06:00:00,1026.99375,-0.86212158203125,-1.5222015380859375,1.7493859336222122,-0.10635741562500085,-0.0008109841328929179,-0.10716839975789377,-0.0951708277370328,-10.635741562500085,-0.08109841328929179,-10.716839975789377,-9.51708277370328,-0.0575899490725249,-5.7589949072524895,forecast,-0.15276077680955769,-15.276077680955769,1.635760776809558,163.5760776809558,1.6267607768095576,162.67607768095576,-0.0951708277370328,-9.51708277370328
2026-10-14 07:00:00,1027.4092892784715,-1.2621473022334841,-1.8400604632732345,2.23133106486612,-0.11020260833833635,-0.0011850378779754585,-0.11138764621631181,-0.09679250958496069,-11.020260833833635,-0.11850378779754585,-11.13876462163118,-9.67925095849607,-0.0334066159176847,-3.34066159176847,forecast,-0.1301991255026454,-13.01991255026454,1.6131991255026454,161.31991255026455,1.6041991255026453,160.41991255026454,-0.09679250958496069,-9.67925095849607
2026-10-14 08:00:00,1027.9138460281247,-2.0868488579391906,-2.3312168251962593,3.128819272818459,-0.11487152422125176,-0.0019021001601273442,-0.1167736243813791,-0.09879062106460254,-11.487152422125176,-0.19021001601273443,-11.67736243813791,-9.879062106460253,-0.0137567286766575,-1.37567286766575,forecast,-0.11254734974126004,-11.254734974126004,1.5955473497412602,159.55473497412603,1.58654734974126,158.654734974126,-0.09879062106460254,-9.879062106460253
2026-10-14 09:00:00,1028.159375,-2.773162841796875,-2.661773681640625,3.843887521689157,-0.1171435265624996,-0.0024797636962961404,-0.11962329025879574,-0.10087388798402186,-11.714352656249961,-0.24797636962961403,-11.962329025879574,-10.087388798402186,-0.0035125545041947,-0.35125545041947,forecast,-0.10438644248821656,-10.438644248821657,1.5873864424882167,158.73864424882166,1.5783864424882166,157.83864424882165,-0.10087388798402186,-10.087388798402186
2026-10-14 10:00:00,1028.059595390506,-3.2005880384424072,-2.789668960323255,4.245705677506584,-0.11622021594604773,-0.0027237885178668605,-0.1189440044639146,-0.10268089963201113,-11.622021594604773,-0.272378851786686,-11.89440044639146,-10.268089963201113,-0.0050433457601776,-0.50433457601776,forecast,-0.10772424539218874,-10.772424539218873,1.5907242453921888,159.07242453921887,1.5817242453921887,158.17242453921887,-0.10268089963201113,-10.268089963201113
2026-10-14 11:00:00,1027.8231491143458,-3.5576504000349196,-2.8816135871494746,4.578271861140739,-0.1140322603295991,-0.002906293902975562,-0.11693855423257465,-0.10410666509206748,-11.403226032959909,-0.2906293902975562,-11.693855423257466,-10.410666509206749,-0.0152630127191622,-1.52630127191622,forecast,-0.11936967781122967,-11.936967781122968,1.6023696778112297,160.23696778112298,1.5933696778112296,159.33696778112295,-0.10410666509206748,-10.410666509206749
2026-10-14 12:00:00,1027.544375,-3.7448272705078125,-2.9168701171875,4.746773911456118,-0.1114526240624995,-0.002977845948189497,-0.114430470010689,-0.10513904558392963,-11.14526240624995,-0.2977845948189497,-11.4430470010689,-10.513904558392962,-0.0281958684289865,-2.81958684289865,forecast,-0.13333491401291614,-13.333491401291614,1.6163349140129162,161.63349140129162,1.607334914012916,160.73349140129162,-0.10513904558392963,-10.513904558392962
2026-10-14 13:00:00,1027.1225221819504,-3.805582072037151,-2.75171490426135,4.696210155151133,-0.10754900901067845,-0.0026501772200169175,-0.11019918623069536,-0.1056450596486062,-10.754900901067845,-0.26501772200169177,-11.019918623069536,-10.56450596486062,-0.0406940947858884,-4.06940947858884,forecast,-0.1463391544344946,-14.63391544344946,1.6293391544344946,162.93391544344945,1.6203391544344945,162.03391544344944,-0.1056450596486062,-10.56450596486062
2026-10-14 14:00:00,1026.6203583131974,-3.846063944547222,-2.3967471370817277,4.531733079590588,-0.10290223565117176,-0.0020105388936883105,-0.10491277454486007,-0.10557183113823157,-10.290223565117177,-0.20105388936883106,-10.491277454486008,-10.557183113823157,-0.0527276930110682,-5.27276930110682,forecast,-0.15829952414929976,-15.829952414929977,1.6412995241492998,164.12995241493,1.6322995241492997,163.22995241492998,-0.10557183113823157,-10.557183113823157
2026-10-14 15:00:00,1026.3775,-3.86077880859375,-2.062713623046875,4.377259473642126,-0.10065494625000052,-0.0014891756217461079,-0.10214412187174662,-0.10522906021158307,-10.065494625000051,-0.14891756217461077,-10.214412187174663,-10.522906021158306,-0.0631183927577404,-6.311839275774039,forecast,-0.16834745296932346,-16.834745296932347,1.6513474529693235,165.13474529693235,1.6423474529693234,164.23474529693235,-0.10522906021158307,-10.522906021158306
2026-10-14 16:00:00,1026.4033686419752,-3.042721218532986,-1.7726745887212239,3.5214382872923986,-0.10089432172851798,-0.0010998313191242861,-0.10199415304764227,-0.10490556949518898,-10.089432172851797,-0.10998313191242862,-10.199415304764226,-10.490556949518897,-0.0687101022354272,-6.87101022354272,forecast,-0.17361567173061618,-17.36156717306162,1.6566156717306162,165.66156717306163,1.647615671730616,164.76156717306162,-0.10490556949518898,-10.490556949518897
2026-10-14 17:00:00,1026.4647928395061,-1.5234714084201388,-1.4994108552872611,2.1375682551036626,-0.10146271054036987,-0.0007868815195336467,-0.10224959205990351,-0.10463997175166043,-10.146271054036987,-0.07868815195336468,-10.224959205990352,-10.463997175166043,-0.0678754115250657,-6.787541152506569,forecast,-0.1725153832767261,-17.251538327672613,1.6555153832767262,165.55153832767263,1.646515383276726,164.6515383276726,-0.10463997175166043,-10.463997175166043
2026-10-14 18:00:00,1026.5375,-0.705413818359375,-1.3782501220703125,1.5482835832363477,-0.10213550624999918,-0.000664850689645391,-0.10280035693964457,-0.10445601027045884,-10.213550624999918,-0.0664850689645391,-10.280035693964457,-10.445601027045884,-0.0624663491852924,-6.24663491852924,forecast,-0.16692235945575123,-16.692235945575124,1.6499223594557513,164.99223594557512,1.6409223594557512,164.0922359455751,-0.10445601027045884,-10.445601027045884
2026-10-14 19:00:00,1026.6487719753084,-0.8777561894169561,-1.4748829029224537,1.7163145123760795,-0.10316516147351595,-0.0007613478520665374,-0.10392650932558249,-0.1044030601759712,-10.316516147351596,-0.07613478520665375,-10.392650932558249,-10.44030601759712,-0.0561953167575964,-5.61953167575964,forecast,-0.1605983769335676,-16.05983769335676,1.6435983769335678,164.35983769335678,1.6345983769335675,163.45983769335675,-0.1044030601759712,-10.44030601759712
2026-10-14 20:00:00,1026.78181654321,-1.1978205928096064,-1.654343781647859,2.0424562468840537,-0.10439628938259347,-0.0009578986717569286,-0.1053541880543504,-0.10449817296380913,-10.439628938259347,-0.09578986717569286,-10.53541880543504,-10.449817296380912,-0.0529868214349246,-5.29868214349246,forecast,-0.15748499439873373,-15.748499439873372,1.6404849943987339,164.04849943987338,1.6314849943987337,163.14849943987338,-0.10449817296380913,-10.449817296380912
2026-10-14 21:00:00,1026.84625,-1.3701629638671875,-1.7509765625,2.223345557932377,-0.10499252437500052,-0.0010730716228485107,-0.10606559599784904,-0.10465491526721313,-10.499252437500052,-0.10730716228485107,-10.606559599784903,-10.465491526721312,-0.0564932499908342,-5.6493249990834205,forecast,-0.16114816525804732,-16.11481652580473,1.6441481652580474,164.41481652580475,1.6351481652580473,163.51481652580472,-0.10465491526721313,-10.465491526721312
2026-10-14 22:00:00,1026.7579337708046,-1.0356174045138888,-1.4565169722945603,1.7871611844246722,-0.10417529014814024,-0.0007425045917037394,-0.10491779473984397,-0.10468120321447622,-10.417529014814024,-0.07425045917037394,-10.491779473984398,-10.468120321447621,-0.0680141896343111,-6.801418963431111,forecast,-0.17269539284878732,-17.269539284878732,1.6556953928487874,165.56953928487874,1.6466953928487873,164.66953928487874,-0.10468120321447622,-10.468120321447621
2026-10-14 23:00:00,1026.5519786527202,-0.41431850857204866,-0.9096634476273149,0.9995736163457793,-0.10226948446294647,-0.0002896206557822244,-0.10255910511872869,-0.10446899340490147,-10.226948446294646,-0.02896206557822244,-10.25591051187287,-10.446899340490146,-0.0841069333273857,-8.41069333273857,forecast,-0.18857592673228718,-18.85759267322872,1.6715759267322872,167.15759267322872,1.6625759267322873,166.25759267322871,-0.10446899340490147,-10.446899340490146
2026-10-15 00:00:00,1026.316875,-0.07977294921875,-0.615203857421875,0.6203543419803008,-0.10009395281249985,-0.00013246652516536413,-0.10022641933766521,-0.10404473599817785,-10.009395281249985,-0.013246652516536414,-10.022641933766522,-10.404473599817784,-0.0987930479108825,-9.87930479108825,forecast,-0.20283778390906035,-20.283778390906036,1.6858377839090604,168.58377839090605,1.6768377839090602,167.683778390906,-0.10404473599817785,-10.404473599817784
2026-10-15 01:00:00,1026.0171207363378,-0.16217697102734088,-1.0553821892902147,1.0677700760943853,-0.09732017673370186,-0.0003898410479148523,-0.09771001778161671,-0.10341126417652174,-9.732017673370185,-0.03898410479148523,-9.771001778161672,-10.341126417652175,-0.108471286958645,-10.8471286958645,forecast,-0.21188255113516674,-21.188255113516675,1.6948825511351668,169.4882551135167,1.6858825511351667,168.58825511351668,-0.10341126417652174,-10.341126417652175
2026-10-15 02:00:00,1025.6690150073116,-0.3639861035130151,-1.8876808824866793,1.9224528596707582,-0.0940989803701579,-0.0012471686899369909,-0.09534614906009489,-0.10260475266487906,-9.40989803701579,-0.12471686899369909,-9.53461490600949,-10.260475266487907,-0.112893166100604,-11.2893166100604,forecast,-0.21549791876548308,-21.54979187654831,1.6984979187654832,169.84979187654832,1.689497918765483,168.94979187654832,-0.10260475266487906,-10.260475266487907
2026-10-15 03:00:00,1025.43875,-0.617095947265625,-2.3797454833984375,2.4584539804289447,-0.09196822312500026,-0.001982115998014342,-0.0939503391230146,-0.10173931131069261,-9.196822312500027,-0.1982115998014342,-9.39503391230146,-10.173931131069262,-0.112285153213139,-11.2285153213139,forecast,-0.21402446452383161,-21.40244645238316,1.6970244645238317,169.70244645238319,1.6880244645238316,168.80244645238315,-0.10173931131069261,-10.173931131069262
2026-10-15 04:00:00,1025.3309910366986,-1.001478515356535,-2.44674769281714,2.6437725864806767,-0.09097107555809056,-0.002095300995307099,-0.09306637655339765,-0.1008720178349631,-9.097107555809055,-0.2095300995307099,-9.306637655339765,-10.08720178349631,-0.105675988585481,-10.567598858548099,forecast,-0.2065480064204441,-20.65480064204441,1.6895480064204442,168.95480064204443,1.680548006420444,168.0548006420444,-0.1008720178349631,-10.08720178349631
2026-10-15 05:00:00,1025.252335796127,-1.514447931859329,-2.489644801812216,2.9140836943203237,-0.09024323928946121,-0.0021694159337167056,-0.09241265522317792,-0.10002608157378458,-9.02432392894612,-0.21694159337167057,-9.241265522317791,-10.002608157378457,-0.0919486855174273,-9.19486855174273,forecast,-0.19197476709121186,-19.197476709121187,1.674974767091212,167.4974767091212,1.6659747670912117,166.59747670912117,-0.10002608157378458,-10.002608157378457
2026-10-15 06:00:00,1025.221875,-1.9639129638671875,-2.5047607421875,3.182888704502449,-0.0899613703124996,-0.0021958392314612865,-0.09215720954396088,-0.09923919437080221,-8.99613703124996,-0.21958392314612865,-9.215720954396089,-9.92391943708022,-0.0717495288848341,-7.174952888483411,forecast,-0.1709887232556363,-17.09887232556363,1.6539887232556363,165.39887232556362,1.6449887232556364,164.49887232556364,-0.09923919437080221,-9.92391943708022
2026-10-15 07:00:00,1025.4265277777777,-2.3480400819223584,-1.9579571552503892,3.0572681348076345,-0.09185512479166563,-0.0013417586776286686,-0.0931968834692943,-0.09863496328065141,-9.185512479166563,-0.13417586776286686,-9.31968834692943,-9.86349632806514,-0.0481198845460729,-4.81198845460729,forecast,-0.14675484782672432,-14.675484782672433,1.6297548478267245,162.97548478267245,1.6207548478267242,162.07548478267242,-0.09863496328065141,-9.86349632806514
2026-10-15 08:00:00,1025.806597222222,-2.690894566243297,-0.7706642019938338,2.7990778622382932,-0.09537209739583204,-0.00020787315928217742,-0.09557997055511422,-0.0983294640080977,-9.537209739583204,-0.020787315928217743,-9.557997055511422,-9.83294640080977,-0.0254037112484676,-2.54037112484676,forecast,-0.1237331752565653,-12.37331752565653,1.6067331752565654,160.67331752565656,1.5977331752565653,159.77331752565652,-0.0983294640080977,-9.83294640080977
2026-10-15 09:00:00,1026.01125,-2.8392333984375,0.37744140625,2.864211637773112,-0.09726585187500018,4.986170530319214e-05,-0.097215990169697,-0.09821811662425763,-9.726585187500019,0.004986170530319214,-9.7215990169697,-9.821811662425763,-0.0082846290187092,-0.8284629018709201,forecast,-0.10650274564296683,-10.650274564296684,1.589502745642967,158.95027456429668,1.5805027456429668,158.05027456429667,-0.09821811662425763,-9.821811662425763
2026-10-15 10:00:00,1025.931597222222,-2.786223800094039,1.2628132724510097,3.059042403316583,-0.09652878489583204,0.0005581440763774498,-0.09597064081945458,-0.09799336904377731,-9.652878489583204,0.055814407637744985,-9.597064081945458,-9.799336904377732,-0.000841231114382,-0.0841231114382,forecast,-0.09883460015815931,-9.883460015815931,1.5818346001581594,158.18346001581594,1.5728346001581592,157.28346001581593,-0.09799336904377731,-9.799336904377732
2026-10-15 11:00:00,1025.6886111111112,-2.6050708912037037,2.1135165537602276,3.3546008065365047,-0.09428031291666737,0.0015634332780564782,-0.09271687963861089,-0.09746572010326067,-9.428031291666738,0.1563433278056478,-9.271687963861089,-9.746572010326068,-0.003773956553515,-0.3773956553515,forecast,-0.10123967665677568,-10.123967665677567,1.5842396766567757,158.42396766567757,1.5752396766567756,157.52396766567756,-0.09746572010326067,-9.746572010326068
2026-10-15 12:00:00,1025.27625,-2.2625885009765625,2.9272918701171875,3.699776265884945,-0.090464529374999,0.0029991631924989634,-0.08746536618250005,-0.09646568471118461,-9.0464529374999,0.2999163192498963,-8.746536618250005,-9.64656847111846,-0.013125750595357,-1.3125750595357,forecast,-0.10959143530654161,-10.959143530654162,1.5925914353065418,159.25914353065417,1.5835914353065417,158.35914353065417,-0.09646568471118461,-9.64656847111846
